School Type,Teacher-to-student ratio,Attendance,Mathematics Books,Mock result,NECTA result
Private,67,86,Own a Book,A,1
Government,172,68,Own a Book,C,1
Government,144,65,Not Own Book,B,1
Government,112,76,Not Own Book,D,1
Private,63,83,Not Own Book,B,1
Government,236,66,Own a Book,F,0
Private,81,79,Own a Book,C,1
Private,50,90,Not Own Book,D,0
Private,83,94,Own a Book,B,1
Private,72,85,Own a Book,A,1
Government,150,78,Not Own Book,F,0
Private,87,86,Own a Book,B,1
Private,92,70,Not Own Book,F,0
Government,111,69,Own a Book,D,1
Private,74,86,Own a Book,D,1
Government,125,71,Not Own Book,B,1
Private,83,89,Not Own Book,A,1
Government,139,63,Not Own Book,F,0
Government,151,84,Own a Book,F,0
Government,137,69,Not Own Book,D,1
Government,145,68,Not Own Book,B,1
Government,226,77,Not Own Book,B,1
Government,257,70,Not Own Book,D,0
Government,166,92,Not Own Book,F,0
Private,73,86,Own a Book,A,1
Government,78,73,Own a Book,F,0
Government,115,62,Not Own Book,F,0
Private,73,94,Own a Book,A,1
Government,117,73,Own a Book,C,1
Government,122,66,Not Own Book,D,0
Government,220,61,Not Own Book,F,0
Government,151,56,Own a Book,F,0
Private,76,90,Own a Book,A,1
Private,64,78,Own a Book,F,0
Government,202,83,Own a Book,D,1
Government,140,57,Own a Book,F,0
Private,67,86,Own a Book,B,1
Government,78,61,Not Own Book,D,0
Private,74,88,Not Own Book,C,1
Private,66,88,Not Own Book,C,1
Government,225,74,Own a Book,B,1
Government,232,54,Not Own Book,F,0
Government,94,62,Own a Book,F,0
Government,99,79,Own a Book,F,0
Private,70,92,Own a Book,C,1
Government,113,50,Not Own Book,A,1
Government,159,73,Own a Book,C,1
Government,135,59,Own a Book,D,0
Private,79,83,Not Own Book,C,1
Government,195,67,Not Own Book,F,0
Private,59,98,Not Own Book,D,0
Government,194,59,Not Own Book,F,0
Government,117,55,Not Own Book,C,1
Private,107,91,Own a Book,A,1
Private,99,87,Not Own Book,F,0
Government,144,82,Own a Book,D,1
Private,60,85,Own a Book,B,1
Government,98,82,Not Own Book,A,1
Government,189,70,Not Own Book,F,0
Government,148,75,Own a Book,F,0
Government,191,86,Not Own Book,F,1
Private,108,86,Own a Book,B,1
Government,115,80,Own a Book,C,1
Private,56,83,Own a Book,C,1
Government,158,72,Own a Book,F,1
Private,92,77,Own a Book,C,1
Government,107,64,Not Own Book,F,0
Private,75,80,Own a Book,C,0
Private,95,96,Own a Book,C,1
Private,50,99,Own a Book,A,1
Government,160,66,Own a Book,F,1
Government,125,62,Own a Book,B,1
Private,76,78,Own a Book,B,1
Private,85,89,Own a Book,C,1
Private,78,83,Own a Book,B,1
Government,104,64,Own a Book,C,1
Government,127,86,Not Own Book,C,1
Private,96,85,Not Own Book,A,1
Government,164,75,Not Own Book,C,0
Government,187,70,Own a Book,F,0
Government,161,56,Not Own Book,F,0
Government,186,51,Not Own Book,F,1
Private,69,91,Own a Book,A,1
Private,63,99,Own a Book,B,1
Government,184,73,Not Own Book,C,1
Government,200,76,Not Own Book,F,0
Private,61,81,Own a Book,C,1
Government,124,80,Not Own Book,F,0
Private,72,95,Own a Book,A,1
Private,99,83,Own a Book,A,1
Private,83,91,Not Own Book,B,1
Government,90,52,Not Own Book,F,0
Government,145,77,Own a Book,D,0
Government,138,64,Not Own Book,F,0
Private,57,79,Own a Book,A,1
Government,145,74,Own a Book,D,0
Private,70,75,Own a Book,C,1
Private,69,90,Not Own Book,A,1
Private,68,80,Own a Book,B,1
Government,216,56,Own a Book,F,0
Private,69,88,Own a Book,B,1
Private,75,86,Own a Book,C,1
Private,74,98,Own a Book,C,1
Government,127,57,Own a Book,D,0
Government,153,83,Not Own Book,D,1
Private,75,80,Own a Book,C,1
Government,153,79,Own a Book,F,0
Private,62,95,Own a Book,A,1
Government,140,73,Own a Book,A,1
Private,86,82,Not Own Book,D,1
Government,141,54,Own a Book,D,0
Private,77,74,Own a Book,B,1
Government,157,88,Own a Book,F,0
Private,81,85,Own a Book,A,1
Government,175,58,Not Own Book,D,0
Private,72,79,Own a Book,B,1
Private,61,89,Own a Book,C,1
Government,95,66,Not Own Book,F,0
Government,195,50,Not Own Book,F,0
Government,184,78,Not Own Book,F,0
Government,179,73,Not Own Book,D,0
Private,87,99,Own a Book,B,1
Private,72,95,Not Own Book,A,1
Private,65,66,Not Own Book,F,0
Private,60,97,Own a Book,C,1
Private,58,96,Own a Book,B,1
Government,204,62,Own a Book,F,0
Government,127,65,Own a Book,D,0
Government,197,74,Not Own Book,C,1
Government,141,59,Not Own Book,F,0
Government,119,67,Not Own Book,C,1
Private,58,95,Own a Book,A,1
Private,66,91,Own a Book,A,1
Government,213,63,Not Own Book,D,0
Private,58,95,Not Own Book,B,1
Government,245,73,Own a Book,D,0
Government,112,72,Own a Book,B,1
Government,183,64,Not Own Book,F,0
Private,72,87,Own a Book,B,1
Government,135,62,Not Own Book,F,0
Government,92,50,Not Own Book,D,1
Government,145,67,Not Own Book,D,0
Private,57,87,Own a Book,C,1
Private,50,88,Not Own Book,B,1
Government,155,82,Own a Book,B,1
Government,121,63,Own a Book,D,0
Private,100,85,Own a Book,A,1
Private,90,93,Not Own Book,C,1
Private,100,82,Not Own Book,C,1
Private,64,89,Own a Book,D,1
Private,77,85,Own a Book,A,1
Government,60,67,Own a Book,C,0
Government,137,77,Own a Book,B,1
Government,154,66,Not Own Book,F,0
Government,156,77,Not Own Book,F,1
Government,148,50,Not Own Book,F,0
Private,75,77,Own a Book,C,1
Government,60,50,Not Own Book,C,1
Government,161,58,Not Own Book,F,0
Private,82,99,Own a Book,C,1
Government,210,69,Not Own Book,D,0
Government,166,62,Not Own Book,F,0
Private,73,93,Own a Book,C,1
Private,91,94,Own a Book,B,1
Government,60,57,Own a Book,C,1
Private,67,99,Own a Book,C,1
Private,63,89,Own a Book,A,1
Government,148,74,Own a Book,C,1
Private,50,91,Own a Book,A,1
Government,209,74,Not Own Book,F,0
Government,138,63,Not Own Book,D,0
Government,164,91,Not Own Book,B,1
Government,160,67,Own a Book,F,0
Government,206,79,Own a Book,F,0
Private,50,84,Own a Book,C,1
Private,76,83,Not Own Book,C,1
Private,92,99,Own a Book,A,1
Private,73,87,Own a Book,A,1
Private,60,87,Not Own Book,D,1
Private,65,89,Own a Book,B,1
Government,132,92,Not Own Book,C,1
Private,64,99,Own a Book,A,1
Government,143,82,Own a Book,C,1
Private,97,99,Own a Book,D,1
Government,123,60,Not Own Book,F,0
Government,128,76,Not Own Book,D,0
Private,81,88,Own a Book,A,1
Government,142,52,Own a Book,F,0
Private,55,91,Own a Book,D,1
Private,74,84,Not Own Book,B,1
Private,73,98,Own a Book,A,1
Private,89,85,Not Own Book,F,0
Private,60,84,Own a Book,A,1
Private,89,98,Own a Book,A,1
Government,145,69,Not Own Book,F,0
Government,100,81,Not Own Book,A,1
Private,55,90,Not Own Book,B,1
Private,104,91,Own a Book,A,1
Government,142,67,Not Own Book,F,0
Private,89,91,Own a Book,B,1
Government,73,68,Own a Book,B,1
Private,114,82,Not Own Book,D,1
Government,190,68,Own a Book,C,1
Private,71,97,Not Own Book,B,1
Government,136,75,Not Own Book,C,1
Government,183,77,Not Own Book,C,0
Private,85,88,Not Own Book,B,1
Private,77,74,Own a Book,A,1
Private,75,79,Not Own Book,F,1
Government,175,67,Own a Book,C,1
Government,71,58,Not Own Book,F,0
Private,69,84,Not Own Book,D,0
Government,75,64,Own a Book,D,1
Private,84,84,Own a Book,A,1
Government,119,84,Not Own Book,F,1
Government,79,69,Not Own Book,D,0
Government,114,79,Own a Book,C,1
Private,77,89,Own a Book,B,1
Private,71,97,Own a Book,A,1
Private,57,95,Own a Book,A,1
Private,50,83,Own a Book,B,1
Private,76,99,Own a Book,C,1
Government,123,65,Not Own Book,D,1
Government,138,72,Own a Book,D,0
Government,142,73,Own a Book,B,1
Government,169,74,Own a Book,C,1
Government,188,77,Not Own Book,B,1
Private,77,82,Not Own Book,C,1
Government,135,77,Own a Book,A,1
Private,75,92,Own a Book,A,1
Private,69,88,Own a Book,B,1
Government,76,68,Not Own Book,D,0
Government,199,61,Own a Book,B,1
Government,190,74,Own a Book,D,0
Government,239,63,Own a Book,F,0
Government,252,72,Own a Book,F,0
Private,57,87,Own a Book,B,1
Government,134,56,Own a Book,A,1
Private,112,81,Own a Book,C,1
Private,74,90,Own a Book,C,1
Private,78,84,Own a Book,A,1
Government,81,64,Not Own Book,D,1
Government,156,62,Not Own Book,A,1
Private,103,82,Not Own Book,A,1
Government,207,86,Own a Book,F,0
Private,65,80,Own a Book,F,0
Government,132,84,Not Own Book,A,1
Private,58,85,Own a Book,C,1
Private,62,83,Not Own Book,F,0
Government,64,73,Not Own Book,F,0
Private,73,88,Own a Book,D,1
Government,217,68,Own a Book,F,0
Private,80,89,Own a Book,B,1
Private,95,88,Own a Book,D,1
Government,198,67,Own a Book,F,0
Government,125,79,Not Own Book,D,1
Government,115,55,Own a Book,F,0
Private,64,81,Own a Book,C,1
Private,50,82,Own a Book,B,1
Government,151,59,Own a Book,B,1
Private,50,88,Own a Book,A,1
Government,176,75,Not Own Book,D,1
Private,76,74,Own a Book,F,0
Government,171,65,Own a Book,D,1
Private,90,85,Own a Book,A,1
Private,77,85,Own a Book,C,1
Government,223,57,Not Own Book,F,0
Government,177,66,Not Own Book,F,0
Private,63,81,Own a Book,C,1
Private,71,85,Own a Book,A,1
Government,60,52,Own a Book,D,0
Government,109,66,Not Own Book,D,1
Government,132,62,Own a Book,D,0
Government,174,67,Not Own Book,F,0
Government,116,73,Own a Book,D,1
Government,93,69,Not Own Book,C,1
Government,65,77,Own a Book,D,1
Government,123,66,Not Own Book,D,1
Government,237,76,Not Own Book,B,1
Government,162,81,Not Own Book,C,0
Private,89,89,Not Own Book,C,1
Private,61,87,Own a Book,D,1
Private,51,90,Own a Book,A,1
Private,56,90,Own a Book,A,1
Government,145,80,Not Own Book,F,0
Private,50,93,Own a Book,D,1
Private,59,93,Not Own Book,B,1
Private,66,88,Own a Book,D,1
Government,90,73,Not Own Book,D,0
Government,60,73,Not Own Book,B,1
Private,79,79,Own a Book,F,0
Government,152,80,Not Own Book,C,1
Government,185,53,Own a Book,F,0
Private,58,92,Not Own Book,F,0
Private,86,89,Own a Book,D,1
Government,218,67,Own a Book,D,0
Government,161,73,Not Own Book,D,0
Private,65,90,Own a Book,A,1
Private,77,78,Own a Book,C,1
Private,65,97,Own a Book,A,1
Government,112,70,Not Own Book,F,0
Government,180,92,Not Own Book,D,0
Government,143,77,Own a Book,F,0
Private,93,88,Own a Book,D,1
Government,130,63,Own a Book,A,1
Government,134,68,Not Own Book,F,0
Private,66,89,Own a Book,A,1
Private,58,98,Own a Book,B,1
Private,87,96,Own a Book,B,1
Government,248,74,Not Own Book,D,1
Government,132,87,Not Own Book,F,0
Private,64,73,Own a Book,A,1
Government,116,74,Own a Book,C,1
Government,119,82,Not Own Book,C,1
Government,224,75,Not Own Book,D,0
Government,117,56,Own a Book,D,1
Government,123,83,Own a Book,C,0
Government,94,77,Own a Book,F,0
Private,79,90,Own a Book,A,1
Private,73,88,Own a Book,A,1
Government,98,89,Not Own Book,D,0
Government,109,74,Own a Book,B,1
Private,97,86,Own a Book,A,1
Private,75,82,Not Own Book,B,1
Government,154,77,Own a Book,D,1
Government,154,79,Not Own Book,A,1
Government,212,70,Not Own Book,C,1
Private,59,84,Own a Book,B,1
Government,132,83,Not Own Book,C,0
Government,142,61,Not Own Book,F,0
Government,72,89,Not Own Book,F,1
Private,61,82,Not Own Book,A,1
Private,90,79,Own a Book,A,1
Government,184,58,Not Own Book,D,0
Government,192,58,Not Own Book,F,0
Government,123,67,Not Own Book,F,1
Private,68,84,Own a Book,B,1
Private,50,95,Own a Book,B,1
Private,88,94,Own a Book,F,0
Government,199,67,Own a Book,A,1
Government,198,92,Own a Book,D,0
Private,99,86,Own a Book,A,1
Private,81,87,Own a Book,C,1
Government,220,57,Own a Book,C,1
Government,140,69,Not Own Book,F,0
Private,50,90,Own a Book,D,1
Private,87,79,Own a Book,D,1
Government,68,65,Not Own Book,C,1
Private,77,90,Own a Book,C,1
Private,89,84,Own a Book,B,1
Private,79,82,Own a Book,B,1
Private,109,93,Own a Book,C,1
Government,61,57,Not Own Book,B,1
Private,73,80,Own a Book,A,1
Government,150,71,Own a Book,B,1
Private,54,93,Own a Book,A,1
Government,98,73,Not Own Book,A,1
Private,62,86,Own a Book,A,1
Private,58,85,Own a Book,A,1
Private,73,95,Own a Book,D,1
Government,122,78,Own a Book,F,0
Government,164,70,Not Own Book,D,1
Government,179,67,Not Own Book,C,1
Government,176,70,Own a Book,F,0
Private,68,82,Own a Book,A,1
Government,162,68,Own a Book,D,0
Government,196,65,Own a Book,D,1
Government,170,68,Not Own Book,F,1
Government,233,65,Not Own Book,C,0
Private,89,91,Own a Book,A,1
Private,100,93,Own a Book,C,1
Government,60,66,Own a Book,D,1
Government,154,61,Not Own Book,C,1
Government,135,77,Not Own Book,C,1
Government,144,71,Not Own Book,B,1
Government,113,66,Not Own Book,F,0
Government,167,83,Not Own Book,C,1
Private,50,84,Own a Book,A,1
Private,81,74,Not Own Book,F,0
Private,63,83,Own a Book,A,1
Government,127,86,Not Own Book,D,1
Private,81,85,Own a Book,A,1
Private,76,84,Own a Book,B,1
Government,197,70,Not Own Book,F,0
Private,60,95,Not Own Book,D,1
Government,146,69,Not Own Book,F,0
Government,189,75,Own a Book,F,0
Private,80,86,Own a Book,C,1
Private,81,92,Own a Book,A,1
Private,91,89,Own a Book,B,1
Private,68,85,Own a Book,B,1
Government,122,72,Own a Book,B,1
Government,175,64,Not Own Book,D,0
Government,143,56,Not Own Book,D,0
Private,91,87,Own a Book,D,1
Government,166,57,Own a Book,F,0
Private,65,92,Not Own Book,C,1
Government,165,69,Own a Book,F,1
Private,61,97,Own a Book,B,1
Government,192,66,Not Own Book,A,1
Private,54,87,Not Own Book,D,1
Private,93,77,Own a Book,B,1
Government,164,58,Own a Book,C,1
Government,142,53,Own a Book,F,0
Government,184,80,Not Own Book,F,0
Private,82,84,Not Own Book,A,1
Private,94,97,Own a Book,C,1
Private,94,69,Own a Book,D,0
Government,165,85,Own a Book,B,1
Government,110,69,Own a Book,B,1
Government,125,73,Not Own Book,F,0
Private,73,80,Own a Book,D,0
Government,198,75,Not Own Book,F,0
Government,129,66,Own a Book,F,0
Government,133,58,Not Own Book,F,0
Private,102,79,Own a Book,B,1
Private,73,79,Own a Book,B,1
Government,121,73,Own a Book,C,1
Government,184,63,Not Own Book,D,0
Government,147,53,Not Own Book,C,1
Private,54,90,Own a Book,A,1
Private,90,72,Not Own Book,B,1
Government,116,83,Not Own Book,F,0
Private,75,99,Not Own Book,A,1
Government,146,56,Not Own Book,C,1
Government,160,80,Not Own Book,C,1
Private,50,90,Own a Book,A,1
Private,69,84,Own a Book,D,1
Private,91,84,Not Own Book,F,0
Private,93,92,Own a Book,C,1
Government,105,69,Own a Book,C,1
Government,191,50,Not Own Book,F,0
Government,115,90,Own a Book,B,1
Government,133,74,Not Own Book,F,0
Government,135,69,Not Own Book,F,0
Private,76,82,Not Own Book,B,1
Private,90,86,Own a Book,F,0
Private,78,96,Own a Book,B,1
Government,144,72,Not Own Book,D,0
Private,89,90,Own a Book,D,1
Private,62,79,Own a Book,B,1
Private,73,85,Own a Book,F,0
Government,194,70,Not Own Book,B,1
Government,173,76,Not Own Book,F,0
Government,129,65,Not Own Book,F,0
Private,52,94,Own a Book,A,1
Private,79,79,Own a Book,F,0
Private,51,88,Own a Book,D,1
Government,140,69,Not Own Book,A,1
Government,203,54,Own a Book,F,0
Private,83,87,Own a Book,A,1
Private,50,83,Own a Book,B,1
Government,159,84,Own a Book,D,0
Private,70,85,Not Own Book,B,1
Government,92,73,Not Own Book,F,1
Government,165,57,Not Own Book,F,0
Private,67,89,Own a Book,A,1
Private,67,85,Not Own Book,D,1
Government,155,62,Not Own Book,D,1
Private,65,99,Own a Book,B,1
Government,154,66,Not Own Book,D,1
Government,123,67,Not Own Book,F,0
Government,125,79,Own a Book,F,0
Private,89,82,Own a Book,C,1
Government,199,74,Not Own Book,F,0
Government,73,75,Not Own Book,B,1
Private,86,89,Not Own Book,C,1
Private,95,99,Own a Book,B,1
Private,98,82,Own a Book,A,1
Private,82,98,Own a Book,C,1
Government,102,74,Own a Book,D,0
Government,178,79,Not Own Book,C,1
Government,110,73,Not Own Book,F,0
Government,134,88,Not Own Book,D,0
Government,167,66,Own a Book,F,0
Government,113,74,Not Own Book,F,0
Government,98,83,Not Own Book,F,0
Government,170,64,Own a Book,A,1
Government,234,80,Own a Book,D,1
Government,205,69,Own a Book,D,0
Private,85,79,Own a Book,C,1
Private,89,77,Not Own Book,D,1
Government,178,69,Not Own Book,C,1
Private,81,94,Not Own Book,B,1
Government,190,50,Not Own Book,F,0
Government,88,72,Not Own Book,C,1
Private,77,94,Own a Book,B,1
Private,73,79,Own a Book,C,1
Government,153,63,Not Own Book,D,0
Government,129,75,Not Own Book,C,1
Government,173,78,Own a Book,D,0
Government,113,86,Own a Book,A,1
Government,125,64,Not Own Book,B,1
Private,65,82,Own a Book,D,1
Government,188,86,Not Own Book,B,1
Private,74,82,Own a Book,A,1
Private,68,91,Own a Book,C,1
Private,69,99,Own a Book,A,1
Government,150,77,Not Own Book,D,0
Government,222,77,Own a Book,D,0
Government,94,82,Not Own Book,C,1
Government,180,75,Not Own Book,B,1
Government,171,77,Own a Book,A,1
Private,61,85,Own a Book,B,1
Private,97,96,Own a Book,C,1
Government,174,74,Own a Book,B,1
Private,67,77,Own a Book,B,1
Government,66,72,Not Own Book,F,0
Government,160,50,Own a Book,D,0
Government,147,77,Not Own Book,D,0
Government,103,67,Own a Book,C,1
Private,59,99,Own a Book,B,1
Government,189,74,Not Own Book,F,0
Government,61,79,Not Own Book,A,1
Government,164,59,Not Own Book,F,0
Private,72,92,Own a Book,C,1
Private,82,83,Not Own Book,A,1
Government,136,80,Own a Book,A,1
Government,163,58,Own a Book,D,0
Private,63,88,Own a Book,D,1
Private,74,79,Not Own Book,C,1
Private,82,88,Own a Book,F,0
Private,77,99,Own a Book,A,1
Private,80,93,Own a Book,C,1
Government,108,69,Not Own Book,B,1
Government,123,50,Own a Book,D,0
Private,66,84,Own a Book,A,1
Private,70,91,Own a Book,D,1
Government,211,64,Own a Book,F,0
Private,69,97,Own a Book,A,1
Government,98,70,Not Own Book,C,1
Private,83,95,Not Own Book,A,1
Private,95,89,Not Own Book,B,1
Private,56,86,Not Own Book,A,1
Private,104,84,Own a Book,C,1
Government,168,59,Not Own Book,F,0
Government,196,80,Own a Book,F,0
Private,97,85,Own a Book,B,1
Government,193,75,Not Own Book,F,0
Private,73,84,Not Own Book,A,1
Government,204,59,Not Own Book,F,0
Private,78,91,Not Own Book,C,0
Private,91,82,Not Own Book,C,1
Government,203,65,Not Own Book,F,0
Private,58,79,Not Own Book,C,1
Private,86,84,Own a Book,D,1
Government,141,70,Own a Book,C,1
Private,77,85,Not Own Book,A,1
Private,76,93,Own a Book,B,1
Government,153,71,Not Own Book,F,0
Private,97,99,Own a Book,B,1
Government,88,74,Own a Book,F,0
Government,72,52,Own a Book,D,0
Government,63,67,Not Own Book,D,1
Government,198,68,Own a Book,F,0
Private,63,83,Own a Book,B,1
Government,155,70,Not Own Book,D,0
Government,144,63,Not Own Book,F,0
Government,110,73,Own a Book,F,0
Private,87,74,Own a Book,A,1
Government,144,81,Not Own Book,C,1
Government,139,54,Not Own Book,F,0
Government,160,67,Not Own Book,F,0
Government,182,62,Not Own Book,F,0
Private,60,90,Own a Book,C,1
Private,88,86,Own a Book,A,1
Government,215,72,Not Own Book,F,0
Private,53,95,Own a Book,B,1
Government,162,77,Not Own Book,B,1
Government,136,70,Own a Book,F,1
Private,85,91,Own a Book,B,1
Private,56,99,Own a Book,A,1
Government,223,78,Not Own Book,C,1
Government,77,67,Own a Book,C,1
Private,71,96,Not Own Book,A,1
Private,81,90,Own a Book,A,1
Private,64,81,Own a Book,B,1
Government,112,68,Own a Book,C,1
Government,160,55,Not Own Book,D,0
Government,153,50,Own a Book,F,0
Government,150,60,Not Own Book,F,0
Government,188,71,Not Own Book,F,0
Private,69,88,Own a Book,D,1
Private,79,78,Own a Book,A,1
Government,127,50,Not Own Book,B,0
Private,62,98,Not Own Book,B,1
Government,137,70,Not Own Book,D,1
Private,67,98,Own a Book,A,1
Private,68,98,Not Own Book,B,1
Government,202,77,Not Own Book,F,0
Private,71,88,Own a Book,B,1
Government,120,66,Not Own Book,C,1
Private,75,93,Own a Book,A,1
Government,154,68,Own a Book,F,0
Private,57,83,Own a Book,D,0
Private,70,73,Own a Book,C,1
Government,134,69,Not Own Book,F,0
Government,142,80,Not Own Book,F,0
Private,85,96,Own a Book,A,1
Government,156,70,Not Own Book,D,0
Private,93,81,Own a Book,A,1
Government,149,79,Not Own Book,C,1
Private,101,87,Not Own Book,D,0
Government,129,66,Own a Book,F,0
Government,115,55,Not Own Book,F,0
Government,174,91,Own a Book,C,1
Private,95,93,Own a Book,C,1
Government,87,78,Not Own Book,A,1
Government,141,61,Own a Book,D,1
Private,65,88,Own a Book,B,1
Private,77,87,Own a Book,B,1
Private,75,93,Own a Book,F,0
Government,210,83,Not Own Book,D,1
Private,73,77,Not Own Book,A,1
Private,95,80,Own a Book,C,1
Government,135,76,Not Own Book,B,1
Government,191,64,Not Own Book,D,0
Private,78,93,Own a Book,A,1
Government,227,66,Not Own Book,F,0
Government,83,57,Not Own Book,D,1
Government,97,52,Not Own Book,F,0
Private,102,91,Own a Book,C,1
Government,117,75,Not Own Book,F,0
Government,119,79,Not Own Book,D,1
Government,110,73,Not Own Book,F,0
Government,201,50,Not Own Book,F,1
Private,56,91,Own a Book,B,1
Private,75,77,Own a Book,F,0
Government,138,51,Not Own Book,F,0
Government,196,50,Not Own Book,F,0
Government,124,50,Own a Book,D,1
Government,168,72,Not Own Book,D,0
Government,97,62,Not Own Book,F,0
Private,109,77,Own a Book,C,1
Private,71,88,Own a Book,C,1
Private,75,80,Own a Book,B,1
Government,224,79,Not Own Book,F,0
Private,66,98,Own a Book,C,1
Government,225,67,Own a Book,F,0
Government,131,83,Own a Book,B,1
Government,180,83,Own a Book,D,1
Government,124,70,Not Own Book,A,1
Government,88,87,Own a Book,B,1
Government,168,63,Own a Book,F,0
Government,178,50,Not Own Book,F,0
Government,90,54,Own a Book,A,1
Government,136,63,Not Own Book,F,1
Government,204,75,Not Own Book,C,1
Government,177,58,Not Own Book,D,0
Government,132,63,Not Own Book,F,0
Private,66,79,Own a Book,B,1
Government,237,63,Own a Book,F,0
Government,84,83,Not Own Book,A,1
Private,74,90,Own a Book,A,1
Private,53,83,Own a Book,B,1
Private,94,96,Own a Book,B,1
Government,149,70,Not Own Book,D,1
Private,77,88,Own a Book,A,1
Private,116,95,Own a Book,C,1
Private,66,85,Own a Book,C,1
Government,228,79,Not Own Book,F,0
Government,132,78,Not Own Book,B,1
Government,139,68,Not Own Book,F,0
Private,114,78,Own a Book,A,1
Government,142,70,Own a Book,F,0
Government,88,81,Own a Book,D,0
Private,79,93,Own a Book,A,1
Private,72,99,Own a Book,A,1
Government,166,65,Not Own Book,C,1
Government,143,77,Not Own Book,F,1
Government,249,59,Not Own Book,F,0
Government,175,72,Not Own Book,D,0
Private,58,95,Own a Book,A,1
Private,76,94,Own a Book,D,1
Government,114,71,Not Own Book,F,0
Government,138,67,Not Own Book,C,1
Government,109,60,Own a Book,B,1
Private,106,86,Not Own Book,D,1
Government,118,56,Not Own Book,F,0
Government,180,66,Own a Book,F,0
Private,70,75,Own a Book,A,1
Government,97,56,Own a Book,F,0
Government,158,78,Not Own Book,D,0
Government,168,77,Own a Book,C,0
Private,83,85,Own a Book,B,1
Government,60,70,Not Own Book,F,0
Government,94,71,Not Own Book,A,1
Government,193,74,Not Own Book,F,0
Private,61,90,Own a Book,A,1
Government,159,56,Not Own Book,F,0
Government,93,50,Own a Book,F,0
Private,85,80,Not Own Book,C,1
Government,191,68,Own a Book,B,1
Government,182,79,Not Own Book,F,0
Private,90,89,Own a Book,B,1
Private,98,91,Own a Book,D,1
Private,57,81,Not Own Book,C,1
Government,114,69,Own a Book,F,0
Government,190,70,Own a Book,B,1
Government,200,62,Not Own Book,F,0
Private,64,80,Own a Book,B,1
Private,63,86,Own a Book,A,1
Government,120,76,Own a Book,C,1
Private,50,81,Not Own Book,F,0
Private,55,86,Not Own Book,A,1
Government,93,83,Not Own Book,D,1
Government,136,64,Not Own Book,D,0
Government,162,70,Not Own Book,C,1
Private,81,87,Own a Book,C,1
Private,67,86,Own a Book,A,1
Government,128,86,Not Own Book,F,0
Private,76,90,Own a Book,B,1
Government,82,54,Not Own Book,D,1
Private,89,98,Own a Book,A,1
Government,207,72,Not Own Book,C,0
Private,65,85,Own a Book,B,1
Government,132,83,Not Own Book,B,1
Government,205,62,Own a Book,F,0
Private,73,99,Own a Book,B,1
Private,83,88,Not Own Book,A,1
Government,145,80,Own a Book,A,1
Government,220,92,Not Own Book,F,0
Government,172,71,Not Own Book,C,0
Private,83,87,Own a Book,C,1
Government,175,59,Own a Book,D,0
Private,66,87,Own a Book,B,1
Government,129,59,Own a Book,C,1
Government,184,68,Own a Book,F,0
Government,155,92,Not Own Book,C,0
Government,97,71,Own a Book,A,1
Government,234,64,Not Own Book,F,0
Private,89,86,Own a Book,C,1
Private,75,85,Own a Book,A,1
Government,137,80,Not Own Book,C,1
Government,158,69,Not Own Book,D,0
Private,82,99,Own a Book,A,1
Government,60,66,Not Own Book,C,1
Private,106,86,Not Own Book,C,1
Government,114,61,Not Own Book,F,0
Government,149,66,Not Own Book,F,0
Government,151,52,Own a Book,F,0
Government,239,50,Not Own Book,F,0
Private,73,92,Own a Book,B,1
Private,98,75,Not Own Book,B,1
Government,168,74,Own a Book,C,1
Private,60,84,Not Own Book,B,1
Government,156,79,Not Own Book,A,1
Private,73,75,Own a Book,C,1
Government,101,75,Not Own Book,D,0
Private,80,90,Own a Book,A,1
Private,75,90,Own a Book,B,1
Private,83,95,Own a Book,A,1
Government,158,70,Not Own Book,F,0
Government,120,50,Not Own Book,F,0
Government,184,74,Not Own Book,F,0
Government,121,73,Not Own Book,D,0
Government,60,67,Not Own Book,D,0
Government,155,61,Not Own Book,D,0
Private,66,85,Own a Book,A,1
Government,167,84,Own a Book,D,0
Government,239,60,Own a Book,B,1
Government,241,52,Not Own Book,F,0
Private,72,77,Own a Book,B,1
Private,62,87,Own a Book,C,1
Government,176,86,Not Own Book,D,0
Private,69,99,Own a Book,B,1
Private,80,92,Own a Book,B,1
Government,120,60,Own a Book,D,0
Government,161,61,Own a Book,C,0
Government,113,78,Own a Book,C,1
Government,203,83,Not Own Book,C,1
Government,123,63,Not Own Book,F,0
Government,179,84,Own a Book,B,1
Private,56,86,Own a Book,F,0
Government,185,77,Not Own Book,F,0
Government,106,81,Not Own Book,F,0
Private,78,77,Not Own Book,A,1
Government,196,74,Not Own Book,C,1
Government,141,84,Not Own Book,D,1
Private,59,84,Own a Book,C,1
Private,82,80,Not Own Book,B,1
Private,62,91,Own a Book,A,1
Private,68,88,Own a Book,B,1
Private,78,85,Own a Book,B,1
Government,211,69,Own a Book,F,0
Government,151,53,Own a Book,D,0
Private,75,90,Own a Book,A,1
Private,86,99,Own a Book,C,1
Government,152,62,Not Own Book,F,0
Government,178,61,Not Own Book,F,0
Government,198,71,Not Own Book,F,0
Government,135,92,Not Own Book,F,0
Government,60,80,Own a Book,F,1
Private,62,87,Not Own Book,A,1
Government,204,70,Not Own Book,F,0
Government,148,81,Own a Book,C,1
Private,69,81,Own a Book,A,1
Private,92,92,Own a Book,A,1
Government,145,58,Own a Book,F,0
Private,50,94,Own a Book,B,1
Government,82,67,Own a Book,D,0
Government,168,72,Own a Book,F,0
Private,73,85,Own a Book,B,1
Private,96,92,Not Own Book,C,1
Private,64,86,Own a Book,A,1
Private,70,99,Own a Book,D,0
Private,61,97,Own a Book,A,1
Government,126,56,Not Own Book,C,0
Private,50,89,Own a Book,B,1
Government,132,77,Not Own Book,D,1
Government,147,65,Own a Book,F,1
Private,72,96,Own a Book,B,1
Private,107,95,Own a Book,B,1
Government,232,69,Not Own Book,F,0
Private,63,94,Own a Book,B,1
Government,60,50,Not Own Book,F,0
Government,145,83,Own a Book,C,0
Government,166,78,Not Own Book,D,1
Government,111,59,Own a Book,F,0
Government,113,72,Not Own Book,F,0
Private,98,73,Own a Book,B,1
Government,138,62,Not Own Book,F,0
Government,179,80,Own a Book,B,1
Government,108,69,Not Own Book,B,1
Private,74,87,Own a Book,C,1
Government,134,70,Own a Book,A,1
Government,119,69,Not Own Book,D,0
Private,92,94,Own a Book,A,1
Private,54,83,Own a Book,D,1
Government,163,74,Own a Book,B,1
Government,134,58,Not Own Book,D,1
Private,81,93,Own a Book,F,0
Private,69,85,Own a Book,A,1
Government,189,69,Not Own Book,F,0
Government,107,66,Not Own Book,A,1
Government,202,67,Own a Book,C,1
Government,148,59,Not Own Book,F,0
Government,90,73,Own a Book,B,1
Government,180,75,Not Own Book,F,0
Government,141,56,Not Own Book,D,0
Government,73,64,Not Own Book,B,0
Private,79,88,Own a Book,C,1
Government,195,64,Own a Book,F,0
Government,207,67,Own a Book,D,0
Government,132,86,Not Own Book,D,1
Government,156,59,Own a Book,F,0
Private,75,71,Own a Book,C,0
Government,217,64,Not Own Book,F,0
Private,62,85,Own a Book,D,1
Private,68,84,Own a Book,C,1
Government,112,72,Own a Book,F,0
Private,53,80,Own a Book,A,1
Government,161,58,Not Own Book,F,0
Government,222,63,Not Own Book,D,0
Government,141,63,Not Own Book,C,1
Government,110,91,Own a Book,B,1
Private,77,98,Not Own Book,B,1
Government,176,53,Own a Book,D,1
Private,72,74,Own a Book,F,0
Government,213,69,Not Own Book,D,1
Private,62,99,Not Own Book,C,1
Private,70,92,Own a Book,B,1
Government,163,69,Not Own Book,C,1
Private,80,84,Not Own Book,A,1
Private,75,95,Not Own Book,C,1
Government,92,71,Own a Book,D,0
Private,110,99,Not Own Book,A,1
Private,71,76,Not Own Book,D,1
Private,76,90,Own a Book,C,1
Government,177,64,Not Own Book,F,0
Private,65,90,Not Own Book,D,0
Private,75,89,Own a Book,B,1
Private,64,91,Own a Book,C,1
Private,81,94,Own a Book,D,0
Government,137,83,Own a Book,D,0
Private,79,99,Own a Book,A,1
Private,59,88,Own a Book,A,1
Private,62,84,Own a Book,A,1
Government,88,57,Not Own Book,B,1
Private,64,91,Not Own Book,D,0
Private,50,93,Own a Book,B,1
Private,70,78,Not Own Book,F,1
Private,66,96,Own a Book,C,1
Private,77,87,Not Own Book,A,1
Government,152,57,Not Own Book,F,0
Government,206,61,Own a Book,D,1
Government,266,60,Own a Book,C,1
Government,201,60,Own a Book,F,0
Government,129,75,Not Own Book,D,0
Government,127,78,Not Own Book,F,1
Government,189,86,Own a Book,C,1
Private,50,83,Own a Book,A,1
Government,135,73,Own a Book,C,0
Private,71,83,Own a Book,B,1
Government,176,70,Not Own Book,F,0
Government,177,55,Own a Book,F,1
Government,116,58,Not Own Book,F,0
Private,68,93,Not Own Book,A,1
Private,81,77,Not Own Book,C,1
Government,114,76,Own a Book,F,0
Government,204,63,Own a Book,B,1
Government,177,50,Own a Book,D,1
Private,77,70,Own a Book,D,1
Private,80,98,Own a Book,B,1
Government,128,50,Own a Book,D,0
Government,121,69,Not Own Book,A,1
Government,130,73,Own a Book,B,1
Private,82,78,Own a Book,B,1
Private,78,84,Own a Book,C,1
Government,130,74,Own a Book,B,1
Private,86,90,Own a Book,A,1
Private,72,84,Own a Book,D,1
Private,64,89,Not Own Book,A,1
Government,161,68,Not Own Book,D,0
Government,104,60,Not Own Book,C,0
Government,74,82,Not Own Book,D,0
Private,74,89,Own a Book,A,1
Government,120,51,Own a Book,F,0
Government,138,75,Not Own Book,D,0
Government,106,63,Not Own Book,F,0
Government,204,67,Not Own Book,D,0
Government,120,70,Not Own Book,D,0
Government,130,62,Not Own Book,F,0
Government,167,88,Own a Book,C,1
Government,88,55,Not Own Book,D,1
Government,84,70,Own a Book,D,1
Private,80,90,Not Own Book,A,1
Government,129,70,Own a Book,D,0
Private,61,86,Own a Book,B,1
Government,177,66,Not Own Book,D,0
Government,113,61,Own a Book,D,1
Government,137,61,Not Own Book,F,0
Government,109,81,Not Own Book,D,0
Private,79,84,Own a Book,A,1
Government,209,91,Own a Book,D,0
Government,66,76,Own a Book,C,1
Private,76,69,Own a Book,C,1
Government,188,78,Not Own Book,F,0
Government,131,69,Not Own Book,A,1
Government,99,56,Not Own Book,F,0
Private,81,97,Not Own Book,C,1
Private,90,84,Own a Book,A,1
Government,190,64,Not Own Book,F,0
Private,80,90,Own a Book,C,1
Private,76,95,Own a Book,A,1
Government,109,71,Own a Book,D,0
Government,188,70,Own a Book,C,1
Government,186,63,Not Own Book,D,0
Private,57,95,Own a Book,C,1
Private,80,88,Own a Book,B,1
Private,84,86,Own a Book,C,1
Private,88,85,Not Own Book,C,0
Government,146,80,Not Own Book,A,1
Private,62,86,Own a Book,A,1
Private,67,95,Own a Book,A,1
Private,59,84,Own a Book,A,1
Private,74,93,Own a Book,B,1
Private,71,89,Own a Book,A,1
Government,246,60,Not Own Book,F,0
Government,190,69,Own a Book,B,1
Government,193,50,Not Own Book,F,0
Private,82,82,Own a Book,B,1
Private,69,76,Own a Book,C,1
Government,137,89,Own a Book,B,1
Private,72,77,Not Own Book,F,0
Government,158,92,Not Own Book,D,1
Government,167,75,Own a Book,F,0
Government,150,64,Own a Book,A,1
Government,136,78,Own a Book,C,1
Government,123,63,Own a Book,F,0
Private,54,78,Not Own Book,F,0
Government,207,70,Own a Book,F,0
Government,249,77,Own a Book,F,0
Private,92,96,Own a Book,C,1
Government,93,74,Not Own Book,D,0
Government,185,64,Own a Book,F,0
Government,196,83,Own a Book,C,1
Government,131,81,Not Own Book,D,0
Private,82,89,Own a Book,A,1
Government,129,82,Own a Book,D,0
Government,218,91,Own a Book,C,1
Private,80,84,Not Own Book,D,0
Government,108,61,Not Own Book,F,1
Private,85,83,Own a Book,B,1
Private,90,78,Own a Book,A,1
Government,158,75,Own a Book,D,0
Private,82,76,Not Own Book,D,0
Private,73,96,Own a Book,B,1
Private,57,83,Not Own Book,D,1
Government,143,83,Not Own Book,D,1
Government,173,50,Not Own Book,F,0
Private,73,85,Not Own Book,C,1
Government,186,57,Not Own Book,F,0
Private,69,97,Own a Book,A,1
Private,70,99,Own a Book,C,1
Government,187,50,Not Own Book,D,0
Private,78,94,Own a Book,A,1
Government,131,80,Not Own Book,C,1
Government,196,73,Own a Book,C,0
Private,64,92,Own a Book,C,1
Private,64,91,Own a Book,A,1
Private,50,94,Own a Book,C,1
Private,66,80,Own a Book,B,1
Government,208,82,Not Own Book,F,0
Government,60,72,Own a Book,D,1
Government,107,71,Not Own Book,F,0
Private,81,91,Own a Book,A,1
Private,50,79,Own a Book,A,1
Government,127,54,Own a Book,D,1
Government,201,68,Not Own Book,C,1
Private,105,98,Own a Book,B,1
Government,163,58,Not Own Book,D,0
Private,61,89,Own a Book,D,0
Government,106,62,Own a Book,D,0
Government,156,61,Not Own Book,F,0
Government,162,75,Own a Book,D,0
Private,102,93,Not Own Book,B,1
Government,193,62,Own a Book,F,0
Private,76,97,Not Own Book,B,1
Private,69,90,Own a Book,B,1
Private,120,86,Not Own Book,D,0
Private,84,90,Own a Book,C,1
Government,119,90,Own a Book,A,1
Government,139,77,Not Own Book,C,1
Private,61,83,Own a Book,C,1
Government,60,69,Own a Book,B,1
Government,164,71,Own a Book,D,0
Government,230,76,Own a Book,A,1
Government,76,72,Not Own Book,B,1
Government,152,88,Own a Book,F,0
Government,118,67,Own a Book,D,0
Government,173,52,Own a Book,F,0
Government,142,72,Not Own Book,F,0
Private,54,84,Own a Book,D,1
Private,60,77,Not Own Book,B,1
Government,112,62,Own a Book,D,1
Government,210,66,Not Own Book,F,0
Private,94,95,Own a Book,B,1
Private,70,77,Own a Book,F,0
Private,93,90,Own a Book,C,1
Private,72,99,Own a Book,A,1
Private,70,86,Own a Book,C,1
Government,152,67,Not Own Book,C,1
Government,162,77,Own a Book,C,1
Government,125,75,Not Own Book,D,0
Private,75,97,Not Own Book,A,1
Government,185,68,Not Own Book,C,1
Private,76,92,Own a Book,A,1
Private,75,93,Own a Book,B,1
Private,82,85,Own a Book,B,1
Private,85,87,Own a Book,D,1
Government,147,69,Not Own Book,F,0
Private,67,79,Not Own Book,C,1
Government,158,66,Own a Book,C,0
Private,51,98,Own a Book,F,0
Private,71,95,Not Own Book,A,1
Private,50,83,Own a Book,A,1
Private,50,87,Own a Book,B,1
Government,67,79,Not Own Book,B,1
Government,197,74,Own a Book,D,0
Government,150,77,Own a Book,D,1
Private,56,91,Own a Book,A,1
Private,82,89,Own a Book,A,1
Government,194,68,Not Own Book,F,0
Private,82,79,Own a Book,D,0
Private,72,92,Own a Book,C,1
Private,78,86,Own a Book,B,1
Government,190,53,Not Own Book,D,0
Government,128,64,Own a Book,A,1
Government,151,78,Own a Book,C,1
Private,71,74,Not Own Book,D,0
Government,77,59,Not Own Book,C,1
Private,88,88,Own a Book,C,1
Government,242,84,Own a Book,F,0
Government,110,79,Not Own Book,F,0
Private,89,98,Own a Book,B,1
Government,112,72,Not Own Book,C,1
Government,155,67,Own a Book,B,1
Government,217,78,Own a Book,A,1
Government,126,61,Not Own Book,B,1
Private,74,81,Not Own Book,C,1
Government,68,58,Not Own Book,C,1
Government,120,80,Own a Book,A,1
Private,50,82,Not Own Book,D,1
Government,169,80,Not Own Book,B,1
Government,187,71,Own a Book,F,0
Private,71,95,Own a Book,D,0
Government,162,58,Own a Book,D,0
Private,70,83,Own a Book,C,1
Government,183,74,Not Own Book,C,1
Government,155,65,Own a Book,C,0
Government,60,50,Own a Book,C,1
Private,89,78,Own a Book,C,1
Government,132,58,Not Own Book,F,0
Government,92,59,Own a Book,F,0
Government,130,76,Own a Book,B,1
Private,50,90,Not Own Book,A,1
Government,93,71,Not Own Book,D,1
Private,77,99,Own a Book,A,1
Government,160,81,Not Own Book,C,1
Government,163,78,Own a Book,C,1
Government,150,55,Not Own Book,D,0
Government,118,70,Not Own Book,D,0
Government,147,72,Not Own Book,D,0
Private,68,85,Own a Book,A,1
Private,50,99,Own a Book,A,1
Government,115,70,Not Own Book,D,0
Private,88,79,Own a Book,A,1
Government,221,60,Own a Book,D,0
Government,179,92,Not Own Book,F,0
Private,98,85,Own a Book,C,1
Government,153,50,Not Own Book,C,1
Private,101,83,Own a Book,C,1
Government,242,51,Not Own Book,F,0
Government,71,79,Own a Book,A,1
Private,78,74,Own a Book,B,1
Government,153,55,Own a Book,F,0
Private,68,88,Own a Book,B,1
Private,82,95,Own a Book,D,1
Government,151,69,Not Own Book,F,0
Government,116,57,Own a Book,C,1
Private,74,89,Not Own Book,B,1
Government,204,65,Own a Book,F,0
Private,77,95,Own a Book,A,1
Private,84,93,Own a Book,B,1
Private,70,84,Not Own Book,A,1
Government,170,77,Own a Book,D,1
Government,95,72,Own a Book,B,1
Government,127,83,Not Own Book,C,1
Private,73,93,Own a Book,A,1
Private,55,91,Own a Book,D,1
Private,62,97,Own a Book,B,1
Government,164,70,Not Own Book,F,0
Private,76,82,Own a Book,D,1
Government,186,72,Not Own Book,F,0
Private,65,85,Not Own Book,C,1
Private,75,92,Not Own Book,C,1
Private,64,88,Own a Book,B,1
Private,85,90,Not Own Book,D,1
Private,92,79,Own a Book,D,0
Private,82,91,Own a Book,C,1
Government,197,57,Not Own Book,F,0
Government,151,79,Not Own Book,B,1
Private,87,94,Own a Book,B,1
Government,153,73,Not Own Book,F,0
Government,103,73,Own a Book,A,1
Government,161,67,Not Own Book,D,0
Government,105,63,Not Own Book,F,0
Government,255,69,Not Own Book,F,0
Private,69,99,Own a Book,A,1
Government,179,72,Not Own Book,F,0
Government,149,56,Not Own Book,F,0
Government,94,52,Own a Book,B,1
Government,64,55,Not Own Book,D,0
Government,183,66,Not Own Book,F,0
Private,98,96,Own a Book,A,1
Government,116,59,Own a Book,C,1
Government,75,84,Own a Book,B,1
Private,70,89,Own a Book,A,1
Private,60,91,Not Own Book,B,1
Private,65,91,Own a Book,B,1
Private,84,92,Own a Book,A,1
Private,74,85,Own a Book,C,1
Government,112,50,Not Own Book,D,1
Private,83,83,Own a Book,B,1
Government,180,61,Own a Book,F,0
Private,69,90,Own a Book,B,1
Government,156,72,Not Own Book,A,1
Government,173,67,Own a Book,D,0
Government,169,87,Not Own Book,D,1
Government,151,63,Not Own Book,F,1
Government,214,50,Own a Book,F,0
Private,83,88,Not Own Book,C,1
Government,129,81,Own a Book,D,0
Government,129,72,Not Own Book,D,0
Government,124,66,Own a Book,B,1
Government,178,72,Own a Book,C,1
Private,65,99,Own a Book,A,1
Government,130,61,Not Own Book,F,0
Government,197,70,Not Own Book,F,0
Government,158,76,Not Own Book,F,0
Government,203,72,Not Own Book,F,0
Private,86,86,Not Own Book,B,1
Private,57,85,Own a Book,A,1
Government,145,67,Own a Book,D,0
Government,194,75,Own a Book,A,1
Government,95,74,Own a Book,D,1
Private,81,99,Own a Book,C,1
Government,148,54,Own a Book,F,0
Government,71,87,Own a Book,C,1
Private,76,86,Own a Book,B,1
Government,112,69,Not Own Book,C,1
Government,97,78,Own a Book,C,1
Government,150,78,Own a Book,B,1
Private,50,96,Own a Book,A,1
Private,64,97,Not Own Book,D,1
Private,113,87,Own a Book,A,1
Private,84,97,Own a Book,D,0
Private,61,83,Own a Book,F,0
Private,96,85,Not Own Book,A,1
Private,60,86,Own a Book,C,1
Government,125,64,Not Own Book,A,1
Private,57,88,Not Own Book,B,1
Private,78,94,Not Own Book,F,1
Private,95,92,Own a Book,A,1
Government,105,63,Not Own Book,D,1
Private,50,83,Own a Book,A,1
Government,199,61,Not Own Book,F,0
Private,98,88,Not Own Book,C,1
Private,50,76,Not Own Book,D,0
Private,81,81,Own a Book,F,0
Private,78,84,Own a Book,B,1
Government,114,80,Not Own Book,F,0
Government,87,68,Own a Book,D,0
Private,89,95,Own a Book,C,1
Government,158,71,Not Own Book,C,0
Government,161,65,Not Own Book,F,0
Government,122,65,Not Own Book,F,0
Government,113,58,Not Own Book,F,0
Private,50,99,Not Own Book,A,1
Government,139,81,Not Own Book,F,0
Private,96,92,Own a Book,A,1
Government,109,56,Not Own Book,D,0
Government,81,65,Not Own Book,F,0
Private,81,81,Own a Book,C,0
Government,177,71,Own a Book,C,1
Private,66,81,Not Own Book,F,0
Private,69,83,Own a Book,A,1
Government,161,60,Not Own Book,B,1
Private,72,86,Not Own Book,B,1
Government,195,70,Not Own Book,D,0
Private,111,86,Own a Book,C,1
Private,50,98,Own a Book,D,1
Government,205,78,Not Own Book,F,0
Private,76,82,Own a Book,B,1
Private,95,90,Not Own Book,D,1
Private,85,83,Own a Book,B,1
Government,152,66,Not Own Book,F,0
Private,86,91,Own a Book,A,1
Government,132,76,Own a Book,C,0
Private,63,83,Not Own Book,A,1
Private,87,80,Not Own Book,C,1
Government,112,70,Own a Book,B,1
Private,84,91,Not Own Book,C,1
Government,151,63,Not Own Book,B,1
Private,50,93,Own a Book,F,0
Government,124,76,Not Own Book,C,1
Private,80,83,Own a Book,A,1
Government,131,81,Not Own Book,F,0
Private,50,96,Own a Book,A,1
Government,209,90,Not Own Book,C,1
Private,77,99,Own a Book,B,1
Private,81,81,Not Own Book,B,1
Private,67,94,Own a Book,A,1
Private,82,94,Own a Book,A,1
Private,102,85,Not Own Book,C,1
Private,63,91,Own a Book,B,1
Private,100,74,Own a Book,B,1
Government,167,50,Own a Book,C,0
Private,61,75,Not Own Book,F,0
Government,249,73,Not Own Book,F,0
Government,167,74,Not Own Book,B,1
Government,180,67,Not Own Book,D,0
Government,137,87,Own a Book,D,1
Government,114,79,Not Own Book,F,1
Private,77,76,Own a Book,C,1
Private,98,86,Own a Book,D,1
Private,70,81,Own a Book,B,1
Private,74,90,Own a Book,D,1
Government,215,69,Own a Book,F,0
Government,136,61,Own a Book,A,1
Private,82,99,Own a Book,C,1
Government,189,70,Own a Book,F,0
Government,141,65,Own a Book,C,0
Government,163,67,Own a Book,C,0
Government,179,86,Own a Book,C,0
Private,68,94,Not Own Book,C,1
Private,87,86,Not Own Book,F,0
Government,125,60,Own a Book,D,1
Government,119,61,Not Own Book,F,0
Government,81,65,Not Own Book,D,0
Private,67,91,Own a Book,C,1
Government,113,77,Not Own Book,C,1
Private,68,82,Own a Book,B,1
Government,177,78,Own a Book,D,0
Private,50,81,Own a Book,D,1
Government,61,63,Not Own Book,F,0
Government,116,55,Not Own Book,F,0
Government,170,55,Not Own Book,F,0
Private,79,81,Own a Book,D,1
Private,63,87,Own a Book,B,1
Private,92,81,Own a Book,B,1
Private,65,98,Not Own Book,D,1
Private,81,81,Own a Book,D,0
Government,133,71,Not Own Book,F,0
Government,110,83,Not Own Book,F,0
Government,122,70,Not Own Book,F,1
Government,183,66,Not Own Book,D,1
Government,166,71,Own a Book,B,1
Government,193,64,Not Own Book,F,0
Private,80,80,Own a Book,C,1
Government,77,76,Not Own Book,F,0
Private,106,83,Own a Book,A,1
Private,80,94,Own a Book,A,1
Government,173,77,Not Own Book,D,0
Private,69,89,Not Own Book,C,1
Government,200,79,Not Own Book,F,0
Government,100,64,Not Own Book,F,0
Government,177,77,Not Own Book,F,0
Government,60,77,Own a Book,B,1
Private,85,85,Own a Book,C,1
Government,101,65,Not Own Book,B,1
Government,162,73,Own a Book,C,1
Private,95,99,Own a Book,F,0
Private,87,86,Own a Book,C,1
Government,205,65,Not Own Book,D,0
Private,91,96,Own a Book,B,1
Private,67,88,Own a Book,A,1
Government,176,78,Own a Book,C,1
Private,50,98,Own a Book,A,1
Government,119,50,Own a Book,F,0
Government,212,69,Own a Book,D,1
Private,69,86,Own a Book,A,1
Private,50,81,Own a Book,F,1
Private,105,74,Own a Book,C,0
Government,175,54,Not Own Book,F,0
Private,86,88,Own a Book,D,1
Government,105,64,Own a Book,C,1
Government,162,61,Not Own Book,F,0
Government,161,70,Own a Book,C,1
Government,113,63,Not Own Book,F,0
Government,142,82,Not Own Book,F,0
Government,82,63,Own a Book,F,0
Private,69,98,Own a Book,B,1
Government,193,69,Not Own Book,F,0
Government,116,63,Own a Book,D,0
Private,103,82,Own a Book,D,1
Government,85,85,Not Own Book,C,1
Private,71,92,Own a Book,C,1
Private,65,82,Own a Book,A,1
Government,141,71,Not Own Book,F,0
Private,95,71,Not Own Book,F,0
Government,105,56,Not Own Book,F,0
Private,68,82,Not Own Book,F,0
Government,179,62,Own a Book,F,0
Private,76,96,Own a Book,B,1
Government,157,50,Own a Book,F,0
Private,60,78,Own a Book,F,0
Private,73,91,Own a Book,C,1
Government,200,72,Not Own Book,F,0
Private,50,85,Own a Book,C,1
Private,64,99,Own a Book,D,1
Private,50,92,Own a Book,B,1
Private,83,96,Own a Book,C,1
Government,205,69,Own a Book,F,0
Government,141,64,Own a Book,A,1
Government,104,64,Own a Book,D,0
Private,60,94,Own a Book,A,1
Government,136,77,Own a Book,C,1
Government,136,67,Own a Book,F,0
Private,88,91,Own a Book,D,0
Private,64,94,Own a Book,A,1
Government,169,64,Not Own Book,F,0
Private,70,85,Own a Book,C,1
Government,116,74,Not Own Book,F,0
Government,135,52,Not Own Book,D,1
Government,165,74,Not Own Book,F,0
Private,88,80,Own a Book,D,0
Government,138,79,Own a Book,F,1
Private,56,99,Own a Book,A,1
Government,194,63,Own a Book,F,0
Private,61,78,Own a Book,D,0
Private,78,86,Own a Book,B,1
Government,148,67,Not Own Book,F,0
Government,142,76,Not Own Book,F,0
Private,67,89,Own a Book,C,1
Private,84,85,Own a Book,B,1
Government,60,70,Own a Book,C,1
Government,201,58,Not Own Book,C,0
Government,108,78,Not Own Book,C,0
Government,168,86,Not Own Book,C,1
Government,165,58,Not Own Book,F,0
Private,94,76,Own a Book,B,1
Private,77,85,Not Own Book,D,0
Private,62,79,Own a Book,B,1
Private,50,79,Own a Book,D,1
Private,69,78,Own a Book,B,1
Private,50,86,Not Own Book,D,0
Private,65,85,Own a Book,A,1
Government,136,73,Not Own Book,F,0
Private,64,84,Own a Book,A,1
Private,75,79,Own a Book,D,0
Government,139,69,Own a Book,D,1
Private,70,80,Not Own Book,F,0
Private,50,91,Own a Book,A,1
Government,91,53,Own a Book,B,1
Government,178,50,Not Own Book,D,0
Private,87,76,Own a Book,D,1
Government,67,65,Own a Book,F,0
Private,62,85,Own a Book,A,1
Government,198,71,Not Own Book,F,0
Private,64,84,Not Own Book,C,1
Private,73,82,Own a Book,D,1
Government,214,84,Not Own Book,C,0
Private,69,96,Own a Book,B,1
Private,67,94,Own a Book,A,1
Government,142,73,Own a Book,F,0
Government,233,73,Own a Book,F,0
Government,170,61,Not Own Book,D,0
Government,150,71,Own a Book,F,0
Government,126,60,Not Own Book,F,0
Government,174,59,Not Own Book,B,1
Government,179,53,Own a Book,F,0
Government,101,74,Own a Book,B,1
Government,180,71,Not Own Book,F,0
Government,143,66,Not Own Book,C,1
Government,151,65,Not Own Book,F,0
Private,61,75,Own a Book,C,1
Government,132,72,Own a Book,C,1
Government,103,66,Own a Book,D,0
Government,101,78,Not Own Book,B,1
Government,166,71,Own a Book,F,0
Private,69,92,Not Own Book,B,1
Private,55,87,Own a Book,A,1
Private,107,89,Own a Book,C,1
Private,58,94,Not Own Book,C,1
Government,199,68,Not Own Book,F,0
Private,52,91,Own a Book,A,1
Private,81,84,Not Own Book,B,1
Private,71,87,Not Own Book,A,1
Private,65,99,Not Own Book,A,1
Private,77,92,Not Own Book,C,1
Government,152,64,Not Own Book,F,0
Government,113,74,Not Own Book,F,0
Government,111,57,Own a Book,F,0
Government,79,67,Own a Book,C,1
Government,163,60,Own a Book,C,1
Government,93,74,Own a Book,F,0
Private,75,86,Own a Book,C,1
Government,176,72,Own a Book,A,1
Government,159,77,Not Own Book,C,0
Private,64,84,Not Own Book,A,1
Private,88,85,Own a Book,A,1
Private,68,87,Own a Book,A,1
Government,89,61,Not Own Book,C,0
Government,137,69,Not Own Book,F,0
Government,176,70,Not Own Book,F,1
Government,119,72,Not Own Book,C,1
Private,88,90,Not Own Book,B,1
Private,63,76,Own a Book,F,0
Government,121,57,Own a Book,D,0
Government,102,58,Not Own Book,F,0
Government,180,70,Own a Book,F,0
Private,74,86,Not Own Book,A,1
Government,105,50,Not Own Book,D,0
Government,132,89,Not Own Book,C,1
Government,60,50,Own a Book,D,1
Private,86,88,Own a Book,C,1
Private,72,91,Own a Book,C,1
Government,60,62,Not Own Book,F,0
Private,53,92,Own a Book,C,1
Government,131,59,Not Own Book,D,1
Private,55,89,Not Own Book,F,1
Private,86,72,Own a Book,D,0
Government,168,81,Not Own Book,F,0
Private,80,88,Own a Book,D,1
Private,50,76,Own a Book,D,0
Private,67,92,Own a Book,A,1
Government,118,86,Not Own Book,C,0
Private,60,81,Own a Book,A,1
Private,68,86,Own a Book,C,1
Government,99,64,Not Own Book,A,1
Private,78,82,Own a Book,A,1
Private,86,81,Own a Book,B,1
Private,85,83,Own a Book,B,1
Government,143,64,Own a Book,C,1
Government,239,66,Own a Book,F,0
Private,92,84,Own a Book,F,1
Government,145,77,Not Own Book,F,0
Government,128,76,Own a Book,D,1
Government,210,54,Not Own Book,F,0
Government,195,64,Own a Book,C,0
Government,86,82,Own a Book,D,0
Private,91,90,Own a Book,D,0
Private,72,90,Own a Book,D,1
Government,111,72,Own a Book,D,1
Private,50,86,Not Own Book,F,0
Government,137,69,Not Own Book,A,1
Government,149,65,Own a Book,A,1
Private,98,93,Own a Book,A,1
Private,89,85,Own a Book,C,1
Government,123,68,Not Own Book,F,0
Government,167,77,Own a Book,A,1
Government,187,66,Own a Book,C,1
Government,153,69,Not Own Book,D,0
Government,123,66,Not Own Book,F,0
Government,126,69,Own a Book,C,1
Government,167,66,Not Own Book,D,0
Government,168,64,Own a Book,F,0
Government,136,62,Own a Book,F,0
Government,60,68,Not Own Book,C,1
Government,91,80,Not Own Book,C,1
Private,84,92,Own a Book,D,1
Private,50,76,Own a Book,B,1
Private,92,84,Own a Book,C,1
Government,196,63,Own a Book,F,0
Private,75,77,Own a Book,C,1
Government,176,72,Not Own Book,F,0
Private,82,87,Own a Book,C,1
Private,73,99,Own a Book,B,1
Government,88,66,Not Own Book,F,0
Government,193,62,Own a Book,F,0
Private,96,81,Not Own Book,D,1
Government,95,65,Not Own Book,C,1
Government,86,75,Own a Book,A,1
Private,72,92,Not Own Book,B,1
Government,121,92,Not Own Book,D,1
Government,156,57,Not Own Book,F,0
Private,93,88,Not Own Book,D,0
Government,60,63,Not Own Book,B,1
Private,98,90,Own a Book,B,1
Government,131,83,Not Own Book,C,1
Government,173,78,Own a Book,B,1
Government,177,57,Own a Book,D,0
Private,86,92,Own a Book,B,1
Government,152,50,Not Own Book,D,0
Government,163,50,Not Own Book,F,0
Private,79,86,Own a Book,A,1
Private,65,92,Not Own Book,F,0
Private,50,90,Own a Book,B,1
Government,95,89,Not Own Book,D,1
Government,145,71,Not Own Book,F,0
Private,63,87,Own a Book,A,1
Government,114,81,Own a Book,D,0
Government,230,66,Own a Book,A,1
Private,87,90,Own a Book,A,1
Government,138,74,Not Own Book,C,0
Government,180,60,Own a Book,D,0
Private,68,90,Not Own Book,D,1
Private,76,99,Own a Book,A,1
Government,169,81,Not Own Book,D,0
Private,68,82,Own a Book,F,0
Government,119,92,Not Own Book,A,1
Government,205,76,Not Own Book,C,1
Private,84,90,Not Own Book,C,1
Government,60,69,Not Own Book,C,1
Government,119,76,Own a Book,A,1
Government,114,71,Own a Book,F,1
Government,122,70,Not Own Book,C,1
Government,188,68,Not Own Book,F,0
Government,150,79,Not Own Book,B,1
Private,54,94,Own a Book,A,1
Private,69,86,Own a Book,A,1
Private,83,77,Own a Book,B,1
Private,71,88,Own a Book,C,1
Government,120,62,Not Own Book,F,0
Government,164,65,Own a Book,D,1
Government,222,68,Not Own Book,F,0
Private,81,80,Not Own Book,B,1
Government,208,53,Not Own Book,D,0
Private,66,90,Not Own Book,A,1
Private,74,88,Not Own Book,A,1
Government,148,69,Own a Book,C,1
Government,155,75,Not Own Book,B,1
Government,169,63,Not Own Book,D,1
Government,108,73,Not Own Book,F,0
Private,84,97,Own a Book,A,1
Private,50,86,Own a Book,A,1
Private,54,99,Own a Book,C,1
Government,246,70,Own a Book,F,0
Government,127,61,Not Own Book,C,1
Government,182,78,Not Own Book,F,0
Government,226,68,Not Own Book,F,0
Government,60,80,Not Own Book,D,1
Private,91,90,Own a Book,A,1
Private,84,85,Own a Book,D,0
Private,99,98,Own a Book,B,1
Private,57,84,Own a Book,B,1
Government,215,50,Not Own Book,C,1
Government,116,78,Own a Book,C,1
Private,90,90,Not Own Book,C,1
Private,74,96,Own a Book,B,1
Private,86,81,Not Own Book,B,1
Private,75,86,Own a Book,C,1
Private,50,85,Own a Book,B,1
Private,50,94,Own a Book,B,1
Private,78,92,Not Own Book,D,1
Government,138,72,Not Own Book,F,1
Government,167,72,Not Own Book,B,1
Private,71,79,Not Own Book,C,1
Government,240,77,Own a Book,F,0
Government,160,77,Own a Book,D,0
Government,129,92,Not Own Book,F,0
Government,165,74,Not Own Book,B,1
Government,130,76,Own a Book,B,1
Government,154,74,Not Own Book,B,1
Government,95,63,Own a Book,B,1
Private,74,96,Own a Book,B,1
Government,128,69,Not Own Book,C,1
Government,99,68,Not Own Book,F,0
Private,104,87,Own a Book,A,1
Government,101,69,Not Own Book,B,1
Government,150,65,Not Own Book,B,1
Government,113,72,Own a Book,F,0
Private,79,87,Own a Book,B,1
Private,55,86,Not Own Book,D,0
Private,87,91,Own a Book,A,1
Private,105,88,Own a Book,B,1
Private,62,84,Not Own Book,A,1
Private,93,82,Not Own Book,D,1
Government,132,70,Own a Book,A,1
Government,217,62,Own a Book,F,0
Private,107,82,Own a Book,A,1
Private,71,82,Own a Book,C,1
Government,81,72,Not Own Book,D,0
Private,89,96,Own a Book,B,1
Government,160,73,Not Own Book,F,0
Government,172,78,Own a Book,F,0
Government,134,69,Not Own Book,F,0
Private,61,88,Own a Book,C,1
Private,92,99,Own a Book,A,1
Private,79,93,Own a Book,B,1
Government,85,79,Own a Book,D,0
Government,180,67,Own a Book,F,0
Government,171,69,Not Own Book,C,1
Government,135,74,Own a Book,F,0
Private,99,83,Own a Book,A,1
Private,65,71,Own a Book,A,1
Government,142,73,Own a Book,C,1
Government,184,79,Not Own Book,D,0
Private,76,88,Not Own Book,B,1
Private,54,83,Own a Book,A,1
Private,77,85,Own a Book,C,0
Government,131,50,Not Own Book,F,0
Government,188,66,Not Own Book,F,0
Government,156,58,Own a Book,F,0
Government,154,63,Not Own Book,D,0
Government,102,58,Not Own Book,F,0
Government,139,57,Not Own Book,D,0
Private,89,80,Own a Book,A,1
Private,63,92,Own a Book,B,1
Private,74,84,Own a Book,C,1
Private,60,80,Own a Book,A,1
Government,96,77,Not Own Book,C,1
Government,146,71,Not Own Book,D,0
Government,157,50,Not Own Book,F,0
Government,239,79,Not Own Book,F,0
Government,129,70,Not Own Book,F,0
Government,147,77,Not Own Book,C,1
Government,93,67,Not Own Book,D,0
Government,177,86,Not Own Book,F,0
Government,167,66,Not Own Book,F,0
Government,216,50,Own a Book,F,0
Private,91,81,Own a Book,F,0
Government,165,75,Not Own Book,D,0
Private,67,89,Own a Book,A,1
Private,78,87,Own a Book,B,1
Government,145,60,Own a Book,F,0
Government,192,70,Own a Book,F,0
Private,87,87,Own a Book,C,1
Private,70,87,Own a Book,C,1
Government,84,75,Own a Book,D,0
Private,95,89,Not Own Book,B,1
Private,83,86,Own a Book,C,1
Government,135,59,Not Own Book,B,1
Private,83,97,Own a Book,B,1
Government,153,89,Own a Book,C,1
Government,209,87,Not Own Book,B,1
Government,63,76,Own a Book,C,1
Government,132,53,Not Own Book,B,0
Government,221,52,Own a Book,F,0
Private,83,84,Own a Book,B,1
Government,229,69,Not Own Book,D,0
Private,56,87,Own a Book,C,1
Government,198,71,Own a Book,D,0
Private,90,78,Own a Book,B,1
Private,50,99,Own a Book,A,1
Government,136,85,Own a Book,B,1
Private,73,78,Own a Book,C,1
Private,50,74,Not Own Book,F,0
Private,70,87,Not Own Book,C,1
Private,88,96,Own a Book,A,1
Private,69,87,Own a Book,D,0
Private,78,89,Own a Book,A,1
Government,161,65,Not Own Book,D,1
Government,149,71,Own a Book,D,1
Government,118,79,Not Own Book,F,0
Private,84,90,Own a Book,A,1
Government,78,75,Own a Book,F,0
Private,75,76,Own a Book,A,1
Government,212,91,Own a Book,D,0
Government,129,53,Own a Book,D,0
Private,64,89,Own a Book,A,1
Government,182,68,Own a Book,F,0
Government,157,68,Not Own Book,B,1
Government,183,78,Not Own Book,F,0
Government,151,62,Own a Book,F,0
Government,60,65,Not Own Book,D,1
Government,203,58,Not Own Book,F,0
Private,106,95,Own a Book,A,1
Private,94,89,Own a Book,A,1
Government,60,76,Not Own Book,A,1
Government,170,78,Not Own Book,F,1
Government,128,89,Not Own Book,F,0
Government,101,88,Not Own Book,F,0
Government,155,73,Not Own Book,F,0
Government,143,71,Not Own Book,D,0
Private,82,84,Own a Book,C,1
Government,152,77,Not Own Book,D,0
Private,58,92,Own a Book,A,1
Government,124,62,Not Own Book,F,0
Private,63,93,Own a Book,C,1
Private,50,95,Own a Book,D,1
Government,88,58,Not Own Book,B,1
Government,140,71,Not Own Book,B,1
Government,214,69,Own a Book,F,0
Government,125,69,Not Own Book,B,1
Government,115,60,Not Own Book,C,0
Private,57,75,Own a Book,C,1
Government,151,62,Not Own Book,F,0
Government,203,61,Not Own Book,D,0
Private,105,90,Own a Book,D,1
Private,79,90,Not Own Book,C,1
Government,156,73,Not Own Book,A,1
Private,66,78,Own a Book,A,1
Government,133,58,Own a Book,F,0
Government,178,63,Own a Book,B,1
Government,135,70,Not Own Book,F,0
Private,72,85,Not Own Book,A,1
Private,74,90,Not Own Book,C,1
Government,123,79,Not Own Book,C,1
Government,146,60,Own a Book,F,0
Private,50,81,Own a Book,A,1
Government,174,71,Own a Book,D,1
Government,255,69,Own a Book,D,1
Private,66,93,Own a Book,C,1
Government,166,70,Own a Book,F,0
Government,188,87,Not Own Book,F,0
Private,94,76,Own a Book,A,1
Private,71,93,Not Own Book,F,1
Private,50,89,Own a Book,C,1
Private,79,78,Not Own Book,C,1
Private,76,73,Not Own Book,D,1
Government,134,58,Not Own Book,F,0
Private,72,96,Not Own Book,C,1
Government,156,80,Not Own Book,A,1
Private,80,87,Own a Book,C,1
Government,164,66,Not Own Book,D,0
Government,140,61,Not Own Book,B,1
Government,167,68,Not Own Book,F,0
Government,137,65,Not Own Book,F,0
Government,178,87,Not Own Book,B,1
Private,65,79,Own a Book,A,1
Government,153,73,Not Own Book,B,1
Private,50,99,Own a Book,A,1
Private,69,93,Own a Book,C,1
Private,83,80,Own a Book,B,1
Government,103,54,Own a Book,F,0
Government,135,72,Not Own Book,F,0
Private,50,89,Own a Book,A,1
Government,88,82,Own a Book,D,1
Private,58,91,Own a Book,B,1
Government,154,65,Own a Book,F,1
Private,80,84,Own a Book,B,1
Government,147,56,Not Own Book,C,1
Government,132,71,Not Own Book,C,1
Government,132,55,Own a Book,A,1
Government,182,79,Not Own Book,F,0
Government,159,75,Not Own Book,C,1
Government,134,75,Not Own Book,C,1
Private,94,78,Own a Book,D,1
Private,104,86,Own a Book,B,1
Government,93,66,Own a Book,C,1
Private,82,88,Own a Book,B,1
Private,120,91,Own a Book,C,1
Government,162,64,Not Own Book,B,0
Private,76,84,Own a Book,F,1
Private,74,92,Own a Book,C,1
Private,82,80,Own a Book,B,1
Private,86,82,Not Own Book,D,1
Private,56,88,Own a Book,C,1
Government,148,78,Own a Book,B,1
Private,50,81,Own a Book,A,1
Private,71,99,Own a Book,A,1
Government,109,56,Not Own Book,F,0
Private,80,98,Own a Book,B,1
Private,50,96,Own a Book,A,1
Government,126,55,Own a Book,B,1
Government,193,53,Not Own Book,F,0
Private,64,93,Own a Book,B,1
Private,50,85,Not Own Book,D,1
Government,161,59,Not Own Book,F,0
Government,123,88,Own a Book,A,1
Private,72,79,Own a Book,A,1
Government,117,62,Own a Book,B,1
Government,238,63,Not Own Book,D,0
Government,79,50,Not Own Book,F,0
Private,117,88,Own a Book,D,1
Private,69,81,Own a Book,D,1
Government,158,78,Own a Book,B,1
Private,66,94,Not Own Book,B,1
Government,122,72,Own a Book,F,0
Government,114,72,Own a Book,D,1
Government,177,71,Own a Book,F,0
Private,53,83,Own a Book,A,1
Private,80,83,Own a Book,F,1
Private,50,97,Not Own Book,B,1
Private,79,93,Own a Book,D,1
Private,87,89,Own a Book,B,1
Government,92,76,Own a Book,F,0
Government,180,69,Not Own Book,A,1
Government,152,71,Own a Book,B,1
Government,221,75,Own a Book,B,1
Private,62,73,Own a Book,C,1
Government,276,79,Own a Book,D,0
Government,60,78,Own a Book,A,1
Government,135,62,Not Own Book,F,0
Private,50,96,Own a Book,A,1
Government,233,50,Not Own Book,F,0
Private,71,90,Own a Book,A,1
Government,142,70,Not Own Book,C,1
Government,169,66,Not Own Book,F,0
Private,74,88,Own a Book,C,1
Government,123,75,Not Own Book,C,0
Private,56,75,Own a Book,A,1
Private,77,95,Own a Book,A,1
Government,167,65,Not Own Book,F,0
Private,85,95,Own a Book,D,0
Private,103,92,Not Own Book,B,1
Government,60,65,Own a Book,B,1
Private,73,87,Own a Book,A,1
Private,92,87,Own a Book,A,1
Government,144,86,Own a Book,D,1
Private,50,80,Own a Book,C,1
Private,55,84,Own a Book,D,1
Government,164,54,Not Own Book,F,0
Private,79,88,Own a Book,B,1
Government,180,63,Not Own Book,F,0
Private,63,84,Not Own Book,D,1
Private,78,98,Own a Book,D,1
Government,107,61,Not Own Book,F,0
Government,161,68,Not Own Book,D,0
Government,152,65,Not Own Book,F,0
Private,62,85,Not Own Book,B,1
Private,98,99,Not Own Book,B,1
Private,50,75,Own a Book,B,1
Private,72,92,Not Own Book,A,1
Private,62,99,Own a Book,A,1
Private,102,95,Own a Book,C,1
Government,176,70,Own a Book,F,0
Government,120,58,Not Own Book,B,1
Government,137,83,Own a Book,A,1
Private,102,94,Own a Book,A,1
Government,107,54,Own a Book,F,0
Private,50,85,Own a Book,A,1
Private,79,79,Not Own Book,C,1
Government,164,50,Not Own Book,F,0
Private,84,79,Own a Book,D,1
Government,180,71,Own a Book,D,1
Government,229,75,Not Own Book,F,0
Government,72,66,Not Own Book,C,1
Government,95,83,Own a Book,C,1
Private,84,95,Own a Book,A,1
Government,100,68,Not Own Book,D,1
Private,53,86,Own a Book,D,1
Government,233,73,Not Own Book,F,0
Private,50,87,Own a Book,C,1
Private,69,78,Own a Book,B,1
Private,74,85,Own a Book,B,1
Government,208,76,Not Own Book,F,0
Government,65,83,Not Own Book,B,1
Private,81,94,Own a Book,A,1
Government,109,73,Not Own Book,D,1
Government,178,84,Not Own Book,A,1
Private,61,90,Not Own Book,D,0
Private,98,87,Own a Book,A,1
Government,109,84,Own a Book,B,1
Government,60,77,Not Own Book,D,0
Private,63,97,Not Own Book,B,1
Government,138,58,Not Own Book,B,1
Government,198,61,Not Own Book,B,1
Government,93,61,Own a Book,F,0
Private,56,89,Own a Book,B,1
Private,89,99,Not Own Book,C,0
Private,54,80,Own a Book,B,1
Private,72,94,Own a Book,B,1
Government,142,57,Own a Book,B,1
Government,159,91,Not Own Book,C,1
Government,116,54,Own a Book,D,1
Private,61,93,Own a Book,C,1
Government,165,78,Own a Book,A,1
Private,61,92,Not Own Book,A,1
Government,88,61,Not Own Book,C,0
Private,93,80,Own a Book,D,1
Private,82,96,Own a Book,A,1
Government,229,80,Own a Book,F,0
Private,86,95,Own a Book,C,1
Private,55,96,Not Own Book,D,1
Government,154,54,Own a Book,D,0
Government,104,54,Not Own Book,F,0
Government,75,63,Not Own Book,F,0
Government,129,65,Own a Book,F,0
Government,194,64,Not Own Book,F,0
Private,79,89,Own a Book,C,1
Private,54,95,Own a Book,A,1
Government,128,67,Own a Book,B,1
Private,72,82,Own a Book,A,1
Private,50,93,Own a Book,A,1
Government,182,67,Not Own Book,F,0
Government,139,71,Own a Book,D,0
Private,54,85,Not Own Book,B,1
Government,84,73,Not Own Book,D,1
Government,199,59,Not Own Book,D,0
Government,132,77,Own a Book,C,1
Government,203,69,Own a Book,F,0
Government,220,62,Own a Book,F,0
Government,196,75,Own a Book,C,1
Government,125,62,Not Own Book,C,1
Private,50,82,Own a Book,C,1
Private,79,79,Own a Book,C,1
Private,106,76,Own a Book,D,1
Private,74,91,Own a Book,A,1
Government,60,81,Own a Book,B,1
Government,119,65,Own a Book,F,0
Government,141,62,Own a Book,C,1
Government,100,51,Not Own Book,F,0
Private,50,72,Own a Book,F,0
Government,145,77,Own a Book,D,1
Government,114,50,Own a Book,C,1
Government,229,58,Not Own Book,F,0
Private,76,89,Own a Book,C,1
Private,82,88,Own a Book,A,1
Government,144,73,Not Own Book,F,1
Private,76,88,Own a Book,A,1
Government,75,66,Not Own Book,F,0
Government,103,58,Own a Book,D,0
Government,198,63,Not Own Book,D,0
Private,78,85,Own a Book,C,1
Government,132,51,Not Own Book,F,0
Government,171,62,Own a Book,C,1
Private,82,85,Own a Book,C,1
Private,104,83,Not Own Book,D,1
Private,77,85,Own a Book,F,1
Government,102,76,Own a Book,B,1
Private,73,93,Own a Book,B,1
Private,84,98,Not Own Book,B,1
Private,89,77,Not Own Book,D,1
Private,50,85,Not Own Book,C,1
Private,78,96,Own a Book,C,1
Government,109,52,Not Own Book,F,0
Government,124,58,Own a Book,F,0
Government,188,63,Not Own Book,F,0
Government,183,90,Own a Book,C,1
Government,119,60,Own a Book,B,1
Government,142,80,Own a Book,C,0
Government,125,69,Not Own Book,F,0
Private,118,79,Own a Book,A,1
Government,162,92,Not Own Book,D,0
Government,112,71,Not Own Book,B,1
Private,94,90,Own a Book,A,1
Government,211,75,Not Own Book,D,1
Government,230,74,Not Own Book,C,1
Private,106,99,Own a Book,F,0
Government,181,87,Own a Book,D,0
Private,69,81,Not Own Book,B,1
Government,140,90,Own a Book,B,1
Government,136,62,Not Own Book,F,0
Private,68,90,Own a Book,A,1
Government,205,55,Not Own Book,F,0
Private,75,95,Own a Book,A,1
Private,89,85,Own a Book,C,1
Government,180,58,Not Own Book,D,0
Government,100,81,Not Own Book,C,1
Government,72,84,Own a Book,C,0
Private,56,98,Own a Book,A,1
Private,68,77,Own a Book,D,1
Private,77,99,Not Own Book,A,1
Private,65,85,Own a Book,A,1
Government,181,90,Not Own Book,C,1
Government,126,76,Own a Book,B,1
Private,78,89,Own a Book,C,1
Government,155,70,Own a Book,D,0
Private,101,87,Own a Book,B,1
Government,106,63,Not Own Book,D,0
Private,108,80,Not Own Book,A,1
Private,66,85,Own a Book,C,1
Private,54,96,Not Own Book,C,1
Government,140,56,Own a Book,D,0
Government,295,83,Not Own Book,F,0
Government,190,71,Own a Book,C,1
Government,177,77,Not Own Book,D,0
Private,86,93,Own a Book,A,1
Private,63,94,Not Own Book,D,1
Government,164,70,Own a Book,D,0
Private,75,88,Own a Book,D,1
Private,102,94,Own a Book,A,1
Private,73,80,Own a Book,B,1
Private,69,79,Own a Book,C,1
Government,97,65,Not Own Book,D,0
Government,156,72,Not Own Book,D,0
Government,163,89,Not Own Book,D,1
Private,56,88,Own a Book,A,1
Private,81,99,Own a Book,B,1
Private,78,91,Own a Book,A,1
Government,195,65,Not Own Book,F,0
Government,204,81,Own a Book,D,0
Government,154,67,Not Own Book,B,1
Private,59,89,Own a Book,B,1
Government,112,56,Own a Book,F,0
Government,229,54,Own a Book,F,0
Government,157,75,Own a Book,D,0
Private,101,95,Own a Book,A,1
Private,82,99,Own a Book,A,1
Government,183,61,Not Own Book,D,0
Private,89,98,Own a Book,B,1
Government,94,83,Not Own Book,D,0
Government,163,65,Own a Book,F,0
Government,94,83,Own a Book,B,1
Government,137,79,Not Own Book,F,0
Government,178,81,Not Own Book,D,1
Government,103,91,Not Own Book,A,1
Private,83,95,Own a Book,C,1
Government,82,50,Own a Book,F,0
Government,201,73,Not Own Book,D,0
Private,65,77,Own a Book,B,1
Government,103,71,Own a Book,D,1
Government,85,70,Not Own Book,A,1
Government,123,64,Not Own Book,F,0
Private,50,80,Own a Book,A,1
Private,66,84,Not Own Book,F,0
Private,91,85,Not Own Book,F,0
Government,141,68,Not Own Book,D,1
Private,57,88,Own a Book,B,1
Government,160,75,Not Own Book,F,0
Private,77,85,Own a Book,A,1
Government,238,82,Own a Book,B,1
Private,86,87,Own a Book,B,1
Government,163,79,Not Own Book,D,0
Government,190,66,Not Own Book,F,0
Government,143,92,Not Own Book,C,1
Private,73,91,Not Own Book,C,1
Government,224,86,Own a Book,C,1
Government,76,63,Own a Book,D,0
Private,89,84,Own a Book,D,1
Private,73,86,Not Own Book,A,1
Private,70,99,Own a Book,A,1
Government,125,67,Own a Book,A,1
Private,77,82,Own a Book,F,0
Private,74,97,Own a Book,A,1
Private,68,88,Own a Book,A,1
Private,64,86,Own a Book,A,1
Government,64,63,Not Own Book,A,1
Government,117,74,Not Own Book,D,0
Private,67,95,Own a Book,A,1
Government,156,77,Own a Book,C,1
Private,104,84,Own a Book,A,1
Private,65,81,Own a Book,D,1
Government,103,50,Not Own Book,D,1
Government,117,60,Not Own Book,C,0
Government,156,66,Not Own Book,F,0
Private,83,87,Not Own Book,D,1
Private,85,86,Own a Book,D,0
Government,187,92,Own a Book,F,0
Government,193,74,Not Own Book,F,0
Government,137,57,Not Own Book,F,0
Government,242,76,Own a Book,D,0
Private,69,90,Own a Book,D,1
Government,154,59,Not Own Book,F,0
Government,208,72,Not Own Book,F,0
Private,83,91,Own a Book,B,1
Private,50,95,Own a Book,D,1
Government,150,52,Not Own Book,F,0
Private,87,92,Own a Book,A,1
Private,54,97,Own a Book,D,1
Private,86,99,Not Own Book,B,1
Government,167,57,Not Own Book,C,1
Government,203,68,Not Own Book,F,0
Private,64,87,Own a Book,A,1
Private,89,92,Own a Book,D,1
Government,157,68,Not Own Book,F,0
Private,101,82,Not Own Book,A,1
Government,275,72,Not Own Book,C,1
Government,219,66,Not Own Book,F,0
Private,82,91,Own a Book,F,1
Government,254,61,Own a Book,D,0
Government,177,59,Own a Book,C,0
Government,109,83,Own a Book,C,1
Private,74,99,Own a Book,B,1
Government,184,88,Not Own Book,A,1
Private,87,87,Own a Book,A,1
Private,58,95,Own a Book,B,1
Government,100,63,Not Own Book,C,1
Government,134,75,Not Own Book,C,1
Private,83,83,Own a Book,C,1
Government,179,82,Own a Book,F,0
Private,77,95,Not Own Book,D,0
Government,112,90,Own a Book,B,1
Private,101,86,Not Own Book,A,1
Government,101,85,Own a Book,A,1
Private,94,91,Own a Book,A,1
Government,183,70,Own a Book,D,0
Government,207,73,Own a Book,D,0
Government,130,86,Not Own Book,F,0
Private,72,87,Own a Book,A,1
Government,152,69,Own a Book,C,1
Government,128,50,Not Own Book,F,0
Government,160,68,Own a Book,C,1
Private,98,89,Own a Book,C,1
Private,55,82,Not Own Book,C,0
Government,120,59,Not Own Book,F,0
Government,115,51,Not Own Book,F,0
Government,145,64,Own a Book,F,0
Government,143,84,Own a Book,C,1
Private,86,77,Not Own Book,C,1
Government,151,77,Own a Book,C,1
Government,163,78,Not Own Book,C,0
Private,80,99,Own a Book,B,1
Government,161,80,Not Own Book,F,0
Private,85,94,Own a Book,A,1
Private,73,90,Own a Book,B,0
Private,99,88,Own a Book,D,1
Private,113,93,Not Own Book,D,1
Government,181,82,Not Own Book,F,0
Government,160,71,Not Own Book,D,0
Government,178,82,Not Own Book,C,1
Private,58,99,Own a Book,A,1
Private,77,88,Not Own Book,C,1
Private,64,88,Not Own Book,B,1
Government,172,69,Not Own Book,F,0
Government,117,71,Not Own Book,A,1
Private,69,96,Own a Book,A,1
Private,50,88,Own a Book,D,0
Government,97,71,Not Own Book,C,0
Private,80,86,Own a Book,D,1
Private,61,91,Own a Book,D,1
Private,90,84,Own a Book,C,1
Government,107,57,Own a Book,C,1
Government,170,74,Not Own Book,C,1
Private,63,99,Not Own Book,A,1
Private,80,85,Own a Book,B,1
Private,51,80,Not Own Book,C,1
Government,129,89,Own a Book,B,1
Private,62,88,Not Own Book,A,1
Private,88,94,Own a Book,B,1
Government,170,62,Own a Book,F,0
Government,94,70,Not Own Book,F,0
Government,140,84,Not Own Book,F,0
Private,63,88,Own a Book,C,1
Government,192,71,Not Own Book,F,0
Private,94,77,Not Own Book,D,1
Private,53,93,Own a Book,A,1
Government,187,62,Not Own Book,F,0
Government,112,81,Not Own Book,F,0
Private,71,89,Own a Book,A,1
Government,151,72,Not Own Book,D,1
Government,231,77,Own a Book,B,1
Government,104,73,Not Own Book,C,1
Government,187,87,Own a Book,C,1
Government,97,85,Own a Book,D,0
Private,56,79,Own a Book,A,1
Government,151,68,Own a Book,F,0
Private,75,93,Own a Book,A,1
Private,50,81,Not Own Book,B,1
Private,92,77,Not Own Book,A,1
Private,50,82,Not Own Book,B,1
Private,72,87,Own a Book,A,1
Private,94,65,Not Own Book,D,0
Private,108,80,Not Own Book,D,1
Government,133,52,Not Own Book,F,0
Private,53,96,Own a Book,B,1
Government,208,79,Own a Book,F,0
Private,87,89,Own a Book,A,1
Government,127,71,Not Own Book,D,0
Government,122,75,Not Own Book,B,1
Private,64,81,Own a Book,C,0
Government,134,82,Own a Book,A,1
Government,164,70,Own a Book,C,1
Private,66,94,Own a Book,A,1
Private,68,94,Not Own Book,A,1
Government,178,75,Own a Book,A,1
Private,52,90,Not Own Book,A,1
Government,133,72,Own a Book,D,0
Private,50,87,Own a Book,C,1
Government,154,74,Not Own Book,D,1
Private,50,89,Not Own Book,C,1
Private,88,84,Own a Book,A,1
Government,90,76,Own a Book,A,1
Government,70,72,Own a Book,B,1
Private,69,96,Not Own Book,C,1
Government,226,51,Own a Book,F,0
Private,85,88,Own a Book,C,0
Private,50,82,Own a Book,B,1
Private,54,84,Own a Book,D,1
Private,69,91,Not Own Book,B,1
Private,108,77,Not Own Book,F,0
Government,107,71,Not Own Book,F,0
Government,108,70,Not Own Book,F,0
Government,218,59,Not Own Book,F,0
Private,77,89,Own a Book,B,1
Private,90,82,Not Own Book,C,1
Private,64,99,Own a Book,A,1
Government,145,82,Not Own Book,C,1
Government,209,70,Not Own Book,F,0
Government,143,65,Not Own Book,D,0
Government,200,75,Own a Book,F,0
Government,167,77,Not Own Book,F,0
Private,59,89,Not Own Book,C,1
Government,149,59,Not Own Book,D,0
Government,194,67,Own a Book,F,0
Government,180,70,Not Own Book,F,0
Government,148,72,Own a Book,C,1
Government,64,73,Own a Book,C,1
Government,69,77,Own a Book,A,1
Government,78,83,Own a Book,A,1
Private,67,95,Own a Book,B,0
Private,69,92,Own a Book,C,1
Government,83,57,Not Own Book,C,1
Government,196,81,Not Own Book,C,1
Private,56,93,Not Own Book,C,1
Government,88,67,Not Own Book,F,0
Government,153,70,Not Own Book,F,0
Private,89,88,Not Own Book,B,1
Government,242,65,Not Own Book,F,0
Private,83,75,Not Own Book,D,1
Private,98,80,Own a Book,C,1
Private,56,81,Own a Book,A,1
Government,247,50,Not Own Book,F,0
Private,50,80,Own a Book,A,1
Private,67,95,Own a Book,A,1
Government,175,74,Own a Book,D,1
Government,77,60,Not Own Book,A,1
Government,108,63,Not Own Book,D,1
Private,58,96,Not Own Book,C,1
Private,70,96,Own a Book,A,1
Private,96,88,Own a Book,D,1
Private,75,96,Own a Book,C,1
Private,68,82,Own a Book,C,0
Private,50,89,Own a Book,B,1
Government,171,55,Own a Book,D,1
Private,86,85,Not Own Book,C,1
Government,73,70,Not Own Book,C,1
Government,146,53,Not Own Book,F,0
Private,77,92,Own a Book,B,1
Private,89,93,Own a Book,C,1
Government,117,80,Own a Book,F,0
Government,110,92,Not Own Book,F,0
Private,68,90,Own a Book,B,1
Government,207,69,Not Own Book,D,0
Government,196,53,Own a Book,F,0
Private,74,90,Own a Book,B,1
Private,90,91,Own a Book,B,1
Government,60,56,Own a Book,B,1
Government,185,67,Own a Book,F,0
Private,58,88,Own a Book,B,1
Private,101,91,Own a Book,B,1
Private,59,93,Own a Book,D,1
Government,111,64,Own a Book,C,1
Private,83,89,Own a Book,C,1
Government,179,75,Not Own Book,D,1
Private,68,86,Own a Book,B,1
Private,80,85,Own a Book,D,1
Private,82,92,Not Own Book,C,1
Private,80,86,Not Own Book,F,0
Government,131,58,Own a Book,F,0
Private,82,97,Not Own Book,A,1
Private,96,80,Own a Book,D,1
Private,56,87,Not Own Book,D,1
Government,112,73,Not Own Book,F,1
Private,75,91,Not Own Book,D,0
Government,102,71,Not Own Book,D,0
Private,50,67,Own a Book,D,0
Government,199,62,Not Own Book,F,0
Private,50,90,Own a Book,C,1
Government,131,68,Own a Book,A,1
Private,86,91,Own a Book,A,1
Government,162,80,Not Own Book,D,0
Private,69,91,Own a Book,A,1
Government,100,62,Not Own Book,F,0
Government,165,64,Not Own Book,B,1
Government,105,86,Own a Book,D,1
Private,78,86,Own a Book,A,1
Government,156,69,Not Own Book,C,1
Private,77,91,Not Own Book,B,1
Private,65,96,Own a Book,A,1
Private,105,81,Own a Book,D,1
Government,166,65,Own a Book,D,0
Private,70,76,Own a Book,D,1
Private,78,85,Own a Book,A,1
Private,63,91,Own a Book,D,1
Private,69,85,Own a Book,A,1
Government,257,87,Own a Book,F,0
Private,63,88,Not Own Book,B,1
Government,146,68,Not Own Book,C,1
Private,68,85,Own a Book,B,1
Private,59,78,Own a Book,B,1
Government,168,69,Own a Book,F,0
Government,151,73,Not Own Book,D,0
Private,88,87,Own a Book,A,1
Government,186,72,Not Own Book,A,1
Government,190,63,Own a Book,F,0
Private,61,79,Own a Book,A,1
Private,84,87,Own a Book,A,1
Private,84,89,Own a Book,A,1
Private,59,86,Own a Book,A,1
Private,70,89,Own a Book,A,1
Government,84,77,Not Own Book,D,1
Government,180,77,Own a Book,B,1
Private,84,94,Own a Book,A,1
Private,96,95,Own a Book,A,1
Private,71,91,Own a Book,A,1
Private,81,90,Own a Book,A,1
Government,194,89,Own a Book,B,1
Private,63,93,Own a Book,A,1
Government,109,61,Own a Book,C,0
Government,117,51,Not Own Book,D,0
Private,69,86,Own a Book,D,0
Government,110,76,Not Own Book,D,1
Government,119,79,Own a Book,C,1
Private,88,79,Own a Book,C,1
Government,145,77,Own a Book,D,1
Private,79,95,Own a Book,A,1
Private,66,92,Own a Book,A,1
Private,65,90,Own a Book,A,1
Government,162,68,Not Own Book,D,1
Government,155,65,Own a Book,D,0
Private,86,93,Own a Book,B,1
Government,208,75,Own a Book,C,1
Private,64,85,Own a Book,A,1
Government,188,92,Not Own Book,D,1
Private,58,77,Own a Book,A,1
Government,243,67,Not Own Book,F,0
Private,63,82,Own a Book,B,1
Private,85,90,Own a Book,B,1
Private,58,74,Not Own Book,C,0
Private,72,96,Own a Book,D,1
Private,98,95,Own a Book,A,1
Government,113,72,Own a Book,C,1
Private,108,85,Not Own Book,B,1
Private,74,93,Own a Book,D,0
Government,193,73,Own a Book,A,1
Government,168,79,Not Own Book,C,1
Government,170,68,Not Own Book,F,0
Government,85,68,Not Own Book,B,1
Private,67,95,Not Own Book,A,1
Private,92,92,Own a Book,C,1
Government,134,68,Not Own Book,C,0
Private,77,90,Own a Book,A,1
Government,80,71,Not Own Book,F,0
Private,66,91,Not Own Book,B,1
Private,91,96,Own a Book,A,1
Private,55,85,Own a Book,D,1
Private,85,83,Not Own Book,A,1
Private,77,89,Own a Book,A,1
Private,71,84,Own a Book,D,1
Private,70,81,Not Own Book,C,1
Government,127,79,Not Own Book,F,0
Government,131,67,Own a Book,A,1
Private,88,74,Own a Book,C,1
Government,130,78,Own a Book,F,1
Private,102,84,Own a Book,D,0
Government,163,75,Not Own Book,D,0
Government,124,80,Own a Book,C,1
Private,89,89,Own a Book,F,0
Government,178,50,Not Own Book,C,0
Private,50,74,Own a Book,A,1
Government,103,63,Not Own Book,F,0
Government,144,69,Not Own Book,F,0
Government,78,82,Own a Book,B,1
Government,244,72,Own a Book,C,1
Government,187,92,Own a Book,A,1
Private,74,77,Own a Book,A,1
Private,69,88,Own a Book,D,1
Government,123,65,Not Own Book,F,0
Private,50,89,Own a Book,C,1
Private,50,99,Not Own Book,A,1
Private,103,99,Own a Book,C,1
Private,98,88,Own a Book,A,1
Government,124,78,Not Own Book,F,0
Government,190,72,Not Own Book,F,0
Government,172,59,Not Own Book,F,0
Government,178,70,Not Own Book,C,1
Government,85,64,Not Own Book,D,1
Private,50,87,Not Own Book,D,0
Private,92,82,Own a Book,B,1
Government,60,71,Not Own Book,A,1
Private,72,90,Own a Book,A,1
Government,133,77,Own a Book,C,1
Private,68,90,Own a Book,A,1
Government,164,86,Own a Book,C,0
Private,64,99,Own a Book,A,1
Government,167,65,Own a Book,F,0
Private,77,94,Own a Book,C,0
Government,244,91,Not Own Book,C,1
Government,87,79,Not Own Book,C,0
Private,75,93,Not Own Book,B,1
Government,169,51,Not Own Book,D,0
Government,138,64,Own a Book,A,1
Government,89,65,Own a Book,C,1
Private,93,97,Own a Book,A,1
Government,165,62,Own a Book,F,0
Government,92,69,Own a Book,C,1
Government,169,78,Not Own Book,D,0
Private,100,82,Own a Book,D,1
Government,148,72,Own a Book,F,0
Government,149,71,Not Own Book,C,1
Government,220,78,Not Own Book,D,0
Government,106,76,Not Own Book,D,0
Government,227,76,Not Own Book,C,1
Government,193,72,Own a Book,D,0
Private,61,76,Own a Book,C,1
Government,119,71,Not Own Book,A,1
Private,67,88,Own a Book,C,1
Private,50,93,Not Own Book,A,1
Government,161,65,Not Own Book,F,0
Government,110,70,Not Own Book,C,1
Private,79,88,Own a Book,B,1
Government,91,62,Not Own Book,D,1
Government,191,58,Not Own Book,F,0
Government,183,73,Not Own Book,F,0
Private,64,95,Own a Book,A,1
Private,80,83,Own a Book,F,0
Private,76,86,Own a Book,F,1
Private,97,93,Not Own Book,C,1
Government,103,79,Own a Book,D,0
Private,72,89,Own a Book,C,1
Private,65,90,Own a Book,B,1
Private,75,91,Own a Book,F,0
Private,82,92,Own a Book,C,1
Government,120,59,Not Own Book,B,1
Government,133,89,Not Own Book,A,1
Government,193,72,Not Own Book,C,1
Private,95,93,Own a Book,A,1
Private,82,82,Own a Book,A,1
Private,72,86,Own a Book,B,1
Government,139,73,Not Own Book,B,0
Private,83,75,Own a Book,B,1
Government,160,60,Own a Book,F,0
Government,75,62,Not Own Book,C,1
Government,175,57,Not Own Book,F,0
Government,111,71,Not Own Book,D,0
Private,53,87,Not Own Book,A,1
Government,74,84,Not Own Book,F,0
Government,140,58,Not Own Book,F,0
Government,104,72,Own a Book,D,1
Government,60,61,Not Own Book,F,0
Government,133,52,Not Own Book,D,0
Private,67,92,Own a Book,A,1
Government,143,76,Own a Book,B,1
Government,121,75,Not Own Book,D,0
Government,232,56,Not Own Book,F,0
Private,82,88,Own a Book,C,1
Government,127,75,Own a Book,D,1
Government,147,79,Not Own Book,F,0
Private,96,92,Not Own Book,C,1
Government,193,79,Own a Book,D,1
Private,54,95,Own a Book,B,1
Government,106,71,Own a Book,C,0
Government,114,74,Not Own Book,C,1
Government,130,79,Not Own Book,D,1
Government,123,73,Not Own Book,C,1
Government,151,81,Not Own Book,C,1
Private,86,94,Not Own Book,C,1
Government,190,63,Not Own Book,F,0
Private,70,78,Not Own Book,B,1
Private,50,88,Own a Book,D,1
Government,103,58,Not Own Book,F,0
Government,126,70,Own a Book,C,1
Private,56,87,Own a Book,A,1
Government,201,83,Own a Book,B,1
Private,57,91,Own a Book,B,1
Private,84,94,Own a Book,A,1
Government,74,65,Not Own Book,B,1
Government,179,85,Own a Book,B,1
Government,143,78,Not Own Book,F,0
Private,97,90,Own a Book,A,1
Government,99,51,Not Own Book,C,1
Private,66,96,Own a Book,A,1
Private,69,99,Own a Book,A,1
Private,72,88,Own a Book,F,1
Private,69,88,Own a Book,B,1
Government,135,64,Not Own Book,F,0
Private,69,76,Own a Book,D,1
Government,60,64,Own a Book,B,1
Private,89,99,Own a Book,A,1
Private,117,95,Own a Book,F,1
Government,163,62,Not Own Book,F,0
Government,98,64,Own a Book,F,0
Government,103,91,Not Own Book,B,1
Government,177,59,Not Own Book,F,0
Private,80,82,Own a Book,A,1
Government,137,65,Not Own Book,A,1
Government,183,56,Not Own Book,F,0
Government,60,64,Not Own Book,D,1
Government,183,64,Not Own Book,C,1
Government,160,60,Not Own Book,D,0
Government,105,83,Own a Book,D,1
Private,53,79,Own a Book,B,1
Private,76,87,Not Own Book,A,1
Government,213,61,Not Own Book,D,0
Government,139,67,Own a Book,F,0
Private,62,81,Not Own Book,C,1
Government,158,70,Not Own Book,F,0
Government,231,73,Own a Book,F,0
Government,169,84,Not Own Book,D,0
Private,83,83,Own a Book,B,1
Government,205,86,Not Own Book,D,0
Private,82,82,Not Own Book,D,0
Private,63,86,Own a Book,B,1
Government,71,87,Not Own Book,D,0
Private,61,99,Not Own Book,A,1
Government,100,86,Not Own Book,C,0
Government,179,67,Own a Book,C,1
Private,86,91,Own a Book,B,1
Government,157,76,Not Own Book,C,1
Government,92,73,Own a Book,B,1
Government,230,59,Not Own Book,D,0
Private,68,89,Not Own Book,C,1
Private,84,84,Own a Book,C,1
Government,152,60,Not Own Book,D,0
Private,78,85,Own a Book,C,1
Government,175,73,Own a Book,C,1
Government,118,80,Own a Book,C,1
Government,208,67,Own a Book,C,1
Private,51,87,Own a Book,A,1
Government,103,78,Not Own Book,C,1
Government,208,70,Own a Book,D,1
Government,176,73,Not Own Book,D,0
Private,113,88,Own a Book,A,1
Private,76,89,Own a Book,A,1
Government,226,59,Not Own Book,F,0
Government,66,71,Not Own Book,F,0
Private,53,97,Own a Book,A,1
Government,190,71,Own a Book,F,0
Government,71,61,Not Own Book,C,1
Government,141,84,Not Own Book,D,1
Private,92,93,Own a Book,C,1
Government,172,77,Not Own Book,D,0
Government,150,77,Not Own Book,A,1
Government,129,58,Own a Book,F,0
Government,159,76,Not Own Book,B,1
Government,175,83,Not Own Book,F,0
Private,65,84,Own a Book,A,1
Government,166,50,Not Own Book,F,0
Private,91,90,Not Own Book,B,1
Government,139,70,Own a Book,F,0
Private,76,77,Own a Book,F,0
Private,82,92,Own a Book,C,1
Government,174,75,Not Own Book,F,0
Private,88,77,Own a Book,A,1
Government,104,88,Own a Book,B,1
Private,67,93,Not Own Book,D,1
Private,67,74,Own a Book,D,1
Government,109,78,Own a Book,C,1
Private,50,93,Own a Book,A,1
Government,60,84,Not Own Book,B,1
Government,203,63,Own a Book,D,0
Government,80,78,Own a Book,B,1
Private,98,86,Not Own Book,A,1
Government,183,64,Not Own Book,F,0
Private,68,81,Own a Book,D,1
Private,84,74,Not Own Book,C,0
Government,169,75,Not Own Book,F,0
Private,58,86,Own a Book,D,0
Private,74,68,Own a Book,A,1
Private,60,88,Own a Book,A,1
Government,179,81,Not Own Book,F,0
Government,117,56,Own a Book,F,0
Private,73,83,Own a Book,B,1
Private,72,91,Not Own Book,D,1
Government,155,50,Own a Book,B,1
Government,224,64,Not Own Book,F,0
Government,139,73,Own a Book,F,0
Government,204,64,Not Own Book,F,0
Government,171,57,Own a Book,F,0
Government,213,57,Own a Book,D,0
Government,134,53,Not Own Book,F,0
Government,181,63,Not Own Book,C,0
Private,74,95,Own a Book,B,1
Private,50,99,Own a Book,A,1
Government,100,70,Not Own Book,C,1
Government,176,77,Not Own Book,D,0
Government,173,60,Not Own Book,F,0
Government,91,50,Not Own Book,F,0
Government,159,88,Not Own Book,B,1
Private,82,83,Own a Book,B,1
Government,148,77,Own a Book,C,1
Government,182,71,Own a Book,C,1
Government,176,79,Own a Book,B,1
Private,74,94,Not Own Book,A,1
Government,127,72,Not Own Book,C,0
Private,90,90,Own a Book,D,0
Government,170,82,Own a Book,B,1
Government,87,65,Own a Book,F,0
Private,78,98,Not Own Book,C,1
Private,57,83,Not Own Book,C,1
Private,60,88,Own a Book,A,1
Private,65,92,Not Own Book,A,1
Government,152,53,Not Own Book,D,0
Government,166,83,Own a Book,A,1
Government,131,74,Not Own Book,F,0
Government,133,92,Not Own Book,B,1
Private,67,99,Not Own Book,C,1
Government,197,69,Own a Book,F,0
Private,50,99,Own a Book,A,1
Government,136,78,Own a Book,F,0
Government,219,72,Own a Book,D,0
Private,82,76,Own a Book,C,1
Private,94,78,Own a Book,D,1
Government,60,70,Not Own Book,D,1
Government,94,65,Own a Book,B,1
Private,82,89,Own a Book,C,1
Government,219,83,Not Own Book,F,0
Government,98,78,Not Own Book,C,1
Private,69,83,Own a Book,D,1
Government,168,79,Own a Book,D,1
Private,53,81,Own a Book,F,0
Government,173,58,Own a Book,D,1
Government,60,73,Own a Book,B,1
Government,172,61,Own a Book,D,1
Government,105,63,Not Own Book,A,1
Private,68,94,Not Own Book,B,1
Private,84,92,Own a Book,C,1
Government,170,66,Not Own Book,D,0
Government,149,53,Own a Book,D,1
Private,89,82,Own a Book,D,1
Private,50,99,Own a Book,A,1
Government,159,79,Not Own Book,F,0
Government,114,84,Own a Book,C,0
Government,191,72,Own a Book,D,0
Government,180,66,Own a Book,C,1
Government,182,79,Not Own Book,F,0
Private,99,96,Not Own Book,C,1
Government,200,65,Not Own Book,B,1
Private,72,83,Own a Book,A,1
Government,149,54,Not Own Book,A,1
Private,84,82,Not Own Book,A,1
Government,156,76,Not Own Book,F,0
Government,181,64,Own a Book,C,1
Government,60,79,Not Own Book,B,1
Government,234,89,Own a Book,B,1
Private,75,88,Own a Book,A,1
Private,50,87,Own a Book,A,1
Government,108,75,Not Own Book,D,1
Government,60,64,Not Own Book,F,0
Private,58,83,Own a Book,A,1
Government,143,63,Not Own Book,C,1
Private,97,79,Not Own Book,D,0
Government,168,78,Not Own Book,F,0
Government,160,65,Not Own Book,C,1
Private,57,95,Not Own Book,B,1
Government,112,75,Not Own Book,F,0
Government,116,69,Own a Book,B,0
Government,118,78,Own a Book,C,1
Private,69,81,Own a Book,A,1
Government,137,62,Own a Book,C,1
Government,134,77,Own a Book,F,0
Government,119,50,Not Own Book,C,1
Private,77,88,Own a Book,A,1
Private,70,92,Own a Book,A,1
Government,78,83,Not Own Book,B,1
Private,75,98,Own a Book,C,1
Government,144,68,Not Own Book,F,0
Government,78,77,Not Own Book,D,1
Government,123,61,Not Own Book,C,1
Government,176,65,Own a Book,F,0
Private,57,97,Own a Book,B,1
Private,56,87,Own a Book,D,0
Private,70,89,Not Own Book,C,0
Government,178,59,Not Own Book,F,0
Government,231,74,Not Own Book,F,0
Government,179,77,Not Own Book,F,0
Private,91,93,Own a Book,A,1
Private,80,79,Own a Book,B,1
Government,119,79,Not Own Book,F,0
Government,179,60,Not Own Book,D,0
Private,73,87,Own a Book,A,1
Government,166,53,Not Own Book,B,1
Government,107,68,Not Own Book,D,1
Private,81,80,Not Own Book,D,0
Private,73,84,Own a Book,B,1
Government,160,70,Own a Book,B,1
Government,146,78,Own a Book,B,1
Government,137,77,Own a Book,A,1
Private,82,71,Own a Book,F,1
Government,131,76,Not Own Book,D,0
Private,51,89,Own a Book,B,1
Government,65,64,Not Own Book,B,1
Private,77,81,Not Own Book,B,1
Private,68,87,Own a Book,C,1
Private,50,89,Not Own Book,A,1
Government,154,73,Not Own Book,A,1
Government,145,68,Not Own Book,F,0
Government,127,50,Not Own Book,F,0
Private,78,84,Own a Book,A,1
Government,209,58,Not Own Book,F,0
Government,207,90,Not Own Book,B,1
Government,156,70,Not Own Book,F,0
Private,73,93,Not Own Book,B,1
Government,157,76,Not Own Book,A,1
Government,163,73,Own a Book,F,1
Private,70,85,Own a Book,A,1
Government,157,64,Own a Book,D,1
Government,79,50,Own a Book,F,0
Government,153,71,Not Own Book,D,1
Government,171,73,Own a Book,D,0
Government,127,69,Not Own Book,F,0
Government,145,71,Not Own Book,D,0
Government,99,57,Own a Book,F,0
Private,56,85,Own a Book,A,1
Government,159,63,Not Own Book,D,0
Private,64,92,Own a Book,A,1
Private,50,88,Own a Book,D,0
Government,99,63,Own a Book,D,0
Government,106,68,Not Own Book,D,0
Government,184,59,Not Own Book,F,0
Private,77,85,Not Own Book,F,0
Private,61,92,Not Own Book,D,0
Private,66,78,Own a Book,A,1
Government,209,69,Own a Book,D,0
Government,192,62,Not Own Book,D,0
Government,99,56,Not Own Book,F,0
Private,92,99,Own a Book,F,0
Private,73,96,Own a Book,A,1
Private,86,83,Own a Book,A,1
Government,142,67,Own a Book,F,0
Government,203,50,Own a Book,F,0
Government,97,54,Not Own Book,D,1
Government,138,58,Not Own Book,F,0
Private,93,87,Own a Book,D,1
Private,50,87,Own a Book,D,0
Private,74,90,Own a Book,C,1
Government,132,76,Not Own Book,D,0
Government,180,72,Not Own Book,B,1
Government,198,59,Not Own Book,D,0
Private,85,90,Own a Book,A,1
Private,78,92,Own a Book,C,1
Government,151,65,Own a Book,B,1
Government,134,51,Not Own Book,D,1
Government,159,81,Not Own Book,B,1
Private,96,88,Own a Book,B,1
Private,62,68,Not Own Book,D,1
Private,68,99,Own a Book,D,0
Government,146,65,Own a Book,B,1
Government,195,92,Not Own Book,B,1
Government,160,73,Not Own Book,F,0
Private,89,86,Own a Book,D,1
Private,90,89,Own a Book,B,1
Government,176,62,Not Own Book,F,0
Private,59,88,Own a Book,D,1
Government,224,90,Not Own Book,D,1
Government,213,61,Own a Book,F,1
Government,152,75,Own a Book,D,1
Government,87,62,Own a Book,B,0
Government,79,68,Own a Book,F,0
Private,78,99,Own a Book,A,1
Government,118,75,Own a Book,B,1
Private,50,93,Not Own Book,C,1
Private,51,88,Own a Book,D,1
Private,67,99,Own a Book,A,1
Government,158,60,Own a Book,B,1
Private,96,76,Not Own Book,B,1
Government,171,86,Own a Book,A,1
Government,132,66,Own a Book,F,0
Government,167,74,Own a Book,C,1
Government,163,87,Not Own Book,A,1
Government,183,74,Not Own Book,F,0
Government,148,92,Own a Book,B,1
Private,90,88,Own a Book,B,1
Government,187,62,Own a Book,D,0
Government,153,50,Own a Book,F,0
Government,144,73,Not Own Book,C,1
Private,88,72,Own a Book,F,0
Private,64,90,Own a Book,A,1
Government,82,84,Own a Book,F,0
Government,81,69,Not Own Book,A,1
Government,114,71,Own a Book,B,1
Private,84,94,Own a Book,F,0
Private,68,92,Own a Book,B,1
Government,159,81,Own a Book,D,1
Private,67,87,Own a Book,A,1
Government,128,50,Not Own Book,D,0
Government,103,81,Own a Book,D,0
Private,73,86,Not Own Book,C,1
Government,142,61,Own a Book,F,0
Government,168,73,Own a Book,C,1
Private,79,89,Own a Book,F,0
Government,141,62,Not Own Book,A,1
Government,82,57,Own a Book,F,0
Government,198,74,Not Own Book,D,0
Government,146,61,Not Own Book,B,1
Government,153,71,Own a Book,A,1
Private,99,90,Not Own Book,A,1
Private,88,94,Own a Book,A,1
Private,81,99,Not Own Book,C,1
Private,74,89,Own a Book,A,1
Government,149,65,Not Own Book,F,0
Government,160,86,Own a Book,D,1
Government,168,80,Not Own Book,F,0
Private,100,89,Own a Book,A,1
Private,112,89,Own a Book,C,1
Government,163,70,Own a Book,F,0
Private,50,89,Not Own Book,C,1
Private,60,87,Own a Book,C,0
Private,102,81,Own a Book,C,1
Government,182,70,Not Own Book,B,1
Private,81,99,Not Own Book,A,1
Private,72,82,Own a Book,B,1
Government,96,67,Own a Book,F,0
Government,225,61,Not Own Book,F,0
Government,112,81,Own a Book,B,1
Private,85,93,Own a Book,A,1
Government,91,57,Own a Book,C,1
Private,71,73,Not Own Book,F,0
Government,194,78,Own a Book,C,1
Private,71,78,Own a Book,A,1
Government,133,78,Not Own Book,B,1
Government,150,63,Own a Book,D,1
Government,89,76,Not Own Book,F,0
Government,81,74,Not Own Book,D,1
Private,85,84,Own a Book,B,1
Private,68,81,Own a Book,C,1
Government,181,75,Not Own Book,F,0
Private,91,83,Own a Book,A,1
Private,92,95,Own a Book,B,1
Private,50,82,Not Own Book,B,1
Government,118,73,Own a Book,C,1
Government,174,66,Not Own Book,B,1
Government,174,70,Own a Book,F,0
Private,108,83,Own a Book,D,0
Government,109,68,Not Own Book,F,0
Private,92,70,Own a Book,A,1
Private,80,82,Not Own Book,F,0
Government,76,64,Not Own Book,D,0
Government,125,69,Own a Book,D,0
Government,161,82,Not Own Book,F,0
Private,50,83,Own a Book,C,1
Private,50,97,Own a Book,F,0
Government,70,61,Not Own Book,A,1
Private,78,80,Own a Book,C,1
Government,128,51,Own a Book,C,0
Government,122,76,Not Own Book,F,0
Private,66,88,Not Own Book,A,1
Private,53,91,Own a Book,B,1
Private,68,88,Own a Book,A,1
Private,50,87,Own a Book,B,1
Government,203,72,Not Own Book,D,0
Private,100,99,Own a Book,D,1
Government,60,65,Not Own Book,C,0
Private,67,99,Own a Book,A,1
Government,131,78,Not Own Book,B,1
Government,142,73,Not Own Book,B,1
Government,195,75,Not Own Book,D,1
Government,129,50,Not Own Book,D,1
Government,146,67,Own a Book,C,1
Private,119,83,Own a Book,B,1
Government,144,91,Not Own Book,F,0
Government,229,66,Own a Book,F,0
Government,172,69,Not Own Book,F,0
Government,125,69,Own a Book,B,1
Private,64,78,Not Own Book,A,1
Private,74,84,Own a Book,D,1
Private,58,93,Own a Book,A,1
Government,111,50,Not Own Book,F,0
Government,130,73,Not Own Book,A,1
Private,79,81,Own a Book,B,1
Government,232,82,Not Own Book,D,1
Private,67,90,Own a Book,A,1
Private,81,77,Own a Book,A,1
Private,50,85,Not Own Book,D,1
Private,90,91,Own a Book,A,1
Government,72,66,Own a Book,F,0
Government,185,71,Not Own Book,F,0
Government,146,69,Not Own Book,C,1
Private,73,94,Not Own Book,D,0
Government,136,74,Own a Book,A,1
Government,91,69,Own a Book,C,1
Government,93,70,Own a Book,D,1
Government,187,59,Not Own Book,F,0
Government,150,84,Not Own Book,F,0
Government,136,92,Not Own Book,D,1
Government,169,66,Own a Book,C,1
Private,76,88,Not Own Book,C,1
Government,114,80,Not Own Book,B,1
Government,260,80,Not Own Book,C,1
Government,183,71,Own a Book,B,1
Government,155,60,Not Own Book,F,0
Government,126,88,Not Own Book,C,1
Private,89,92,Own a Book,A,1
Government,114,72,Own a Book,F,0
Government,110,62,Not Own Book,C,0
Government,226,70,Own a Book,A,1
Private,75,75,Own a Book,A,1
Private,63,93,Own a Book,A,1
Private,75,94,Own a Book,B,1
Government,188,72,Not Own Book,D,0
Government,177,60,Own a Book,F,0
Government,193,74,Not Own Book,F,0
Government,93,77,Not Own Book,F,0
Private,89,82,Own a Book,D,0
Government,141,79,Not Own Book,D,1
Government,154,75,Not Own Book,F,0
Government,204,67,Not Own Book,C,0
Private,85,84,Own a Book,A,1
Government,165,68,Not Own Book,F,0
Private,50,81,Own a Book,A,1
Private,74,89,Own a Book,A,1
Private,63,91,Own a Book,C,1
Government,181,81,Own a Book,D,0
Government,194,72,Not Own Book,F,0
Private,70,90,Own a Book,C,1
Private,64,86,Not Own Book,A,1
Private,98,81,Own a Book,A,1
Government,122,65,Not Own Book,D,0
Government,96,84,Not Own Book,F,1
Private,62,92,Not Own Book,A,1
Government,125,74,Not Own Book,F,0
Government,111,51,Own a Book,F,0
Private,87,90,Not Own Book,F,1
Private,50,78,Own a Book,A,1
Government,110,57,Not Own Book,C,1
Government,147,58,Not Own Book,F,0
Private,78,82,Own a Book,A,1
Government,226,78,Not Own Book,B,0
Private,98,89,Own a Book,B,1
Government,77,60,Own a Book,B,1
Private,50,83,Own a Book,C,1
Private,75,91,Own a Book,D,1
Government,119,76,Own a Book,D,0
Private,57,88,Own a Book,A,1
Government,150,58,Own a Book,F,0
Private,78,85,Own a Book,B,1
Private,62,99,Not Own Book,C,1
Private,65,79,Own a Book,C,1
Government,115,73,Not Own Book,F,0
Government,131,91,Not Own Book,D,0
Government,174,67,Own a Book,F,0
Government,101,88,Not Own Book,D,1
Private,65,83,Own a Book,B,1
Government,132,50,Not Own Book,F,0
Private,74,83,Own a Book,C,0
Government,162,62,Own a Book,D,0
Government,241,53,Own a Book,F,0
Private,83,85,Own a Book,C,0
Private,83,94,Not Own Book,C,0
Government,138,64,Own a Book,D,1
Private,60,85,Own a Book,C,1
Government,126,83,Own a Book,A,1
Private,64,82,Not Own Book,D,0
Government,167,76,Not Own Book,F,0
Private,50,76,Own a Book,C,1
Government,176,60,Own a Book,F,0
Private,73,86,Own a Book,C,1
Private,86,96,Own a Book,B,1
Government,117,60,Own a Book,D,0
Government,109,60,Not Own Book,F,0
Private,68,89,Not Own Book,A,1
Government,130,74,Not Own Book,D,1
Private,87,80,Own a Book,C,1
Private,86,84,Own a Book,C,1
Private,103,95,Not Own Book,C,1
Government,127,58,Not Own Book,F,0
Government,60,73,Not Own Book,D,0
Private,68,84,Not Own Book,C,1
Private,78,97,Own a Book,D,1
Private,85,92,Own a Book,D,1
Private,79,94,Own a Book,B,1
Private,67,84,Own a Book,A,1
Government,227,78,Own a Book,B,1
Government,103,77,Not Own Book,F,0
Private,70,91,Own a Book,C,1
Government,101,67,Not Own Book,F,0
Government,150,71,Own a Book,F,0
Private,98,75,Own a Book,D,0
Government,143,87,Own a Book,C,1
Government,143,63,Not Own Book,F,0
Government,73,66,Not Own Book,C,1
Private,70,78,Own a Book,A,1
Private,92,92,Own a Book,A,1
Private,71,91,Own a Book,A,1
Private,70,85,Own a Book,D,1
Private,91,71,Own a Book,A,1
Government,135,62,Not Own Book,F,0
Private,94,91,Own a Book,A,1
Private,55,89,Not Own Book,A,1
Private,85,87,Not Own Book,C,1
Government,224,65,Not Own Book,F,0
Government,195,54,Not Own Book,F,0
Private,50,94,Own a Book,A,1
Government,121,55,Not Own Book,B,1
Private,71,86,Own a Book,B,1
Private,90,80,Own a Book,A,1
Government,90,79,Not Own Book,A,1
Private,59,92,Own a Book,A,1
Government,77,66,Own a Book,B,1
Private,62,92,Own a Book,A,1
Private,56,77,Own a Book,C,0
Government,221,69,Own a Book,A,1
Government,120,59,Own a Book,D,0
Private,85,95,Own a Book,B,1
Private,75,90,Not Own Book,C,1
Government,150,76,Not Own Book,D,0
Government,123,64,Not Own Book,A,1
Private,86,93,Not Own Book,D,1
Private,77,80,Own a Book,F,0
Government,154,60,Own a Book,D,0
Government,123,68,Own a Book,F,0
Private,68,81,Not Own Book,A,1
Government,176,77,Own a Book,C,1
Private,78,84,Own a Book,C,1
Government,155,59,Own a Book,D,0
Private,63,79,Not Own Book,A,1
Government,237,76,Not Own Book,F,0
Government,128,50,Not Own Book,F,0
Government,148,59,Own a Book,F,1
Private,72,97,Own a Book,C,1
Private,104,85,Own a Book,C,1
Private,70,93,Not Own Book,B,1
Government,132,74,Not Own Book,F,0
Private,76,86,Not Own Book,B,0
Government,118,53,Not Own Book,F,0
Private,76,78,Not Own Book,D,0
Government,256,56,Not Own Book,D,0
Government,163,74,Own a Book,F,0
Private,78,92,Own a Book,A,1
Government,117,61,Not Own Book,F,0
Government,226,69,Not Own Book,D,1
Private,104,88,Own a Book,B,1
Government,188,70,Own a Book,D,0
Private,84,82,Own a Book,B,1
Government,139,86,Not Own Book,B,1
Private,80,92,Own a Book,D,1
Government,112,70,Not Own Book,D,0
Private,58,84,Own a Book,A,1
Government,83,61,Not Own Book,F,0
Private,81,90,Not Own Book,F,0
Government,87,65,Own a Book,F,1
Private,67,88,Own a Book,A,1
Government,147,51,Not Own Book,D,0
Private,89,84,Own a Book,D,1
Private,66,87,Not Own Book,B,1
Government,200,79,Not Own Book,D,1
Private,89,81,Own a Book,A,1
Private,58,77,Own a Book,B,1
Government,200,74,Not Own Book,D,0
Private,70,87,Own a Book,C,1
Government,127,52,Not Own Book,F,0
Private,70,76,Not Own Book,F,0
Private,74,83,Own a Book,D,0
Government,131,69,Not Own Book,F,0
Private,62,97,Own a Book,A,1
Government,116,59,Own a Book,B,1
Government,156,75,Not Own Book,C,1
Government,142,50,Not Own Book,F,0
Private,82,90,Own a Book,A,1
Government,152,85,Not Own Book,C,1
Government,153,71,Not Own Book,F,0
Government,176,63,Own a Book,C,1
Government,213,82,Not Own Book,C,1
Private,96,90,Not Own Book,B,1
Government,210,71,Not Own Book,C,0
Government,189,59,Own a Book,F,1
Private,106,90,Own a Book,A,1
Government,169,63,Not Own Book,F,0
Private,79,90,Own a Book,C,1
Private,108,88,Own a Book,A,1
Private,50,95,Own a Book,A,1
Private,71,83,Own a Book,A,1
Government,206,68,Own a Book,D,0
Government,194,77,Not Own Book,D,0
Government,265,67,Own a Book,F,0
Government,154,69,Not Own Book,D,1
Government,130,65,Not Own Book,F,1
Government,135,68,Not Own Book,D,1
Private,79,92,Own a Book,B,1
Private,99,99,Own a Book,A,1
Government,223,53,Not Own Book,F,0
Government,147,57,Not Own Book,D,0
Private,78,87,Own a Book,C,1
Private,65,88,Own a Book,C,1
Government,127,67,Own a Book,A,1
Government,197,64,Own a Book,B,1
Government,222,57,Own a Book,F,0
Government,118,63,Own a Book,A,1
Private,78,93,Own a Book,F,0
Private,71,88,Own a Book,B,1
Private,87,92,Own a Book,C,1
Private,69,79,Own a Book,C,1
Private,50,98,Own a Book,F,1
Government,195,64,Not Own Book,F,0
Private,70,91,Own a Book,A,1
Private,72,87,Own a Book,A,1
Government,169,64,Own a Book,D,1
Private,80,91,Own a Book,A,1
Private,81,92,Own a Book,A,1
Private,50,99,Own a Book,B,1
Private,83,92,Own a Book,C,0
Private,50,92,Own a Book,C,1
Government,184,81,Own a Book,F,0
Private,91,91,Own a Book,D,1
Private,54,87,Not Own Book,C,1
Private,79,90,Own a Book,A,1
Private,90,93,Own a Book,D,0
Private,68,97,Own a Book,A,1
Private,85,77,Own a Book,B,1
Private,50,74,Not Own Book,C,0
Private,91,97,Not Own Book,B,1
Government,151,62,Not Own Book,C,1
Government,138,53,Not Own Book,F,0
Government,194,52,Own a Book,F,0
Private,100,99,Own a Book,C,1
Government,171,78,Not Own Book,C,1
Private,99,82,Own a Book,C,1
Private,51,82,Not Own Book,B,1
Government,179,70,Own a Book,C,1
Government,144,78,Not Own Book,F,0
Private,63,85,Not Own Book,D,1
Government,63,62,Own a Book,B,1
Private,84,95,Own a Book,A,1
Government,189,69,Own a Book,D,0
Private,95,86,Own a Book,D,1
Government,202,75,Not Own Book,C,0
Government,115,50,Own a Book,F,0
Private,94,91,Own a Book,A,1
Government,212,74,Own a Book,A,1
Private,71,78,Not Own Book,B,1
Government,151,50,Not Own Book,D,1
Government,107,64,Own a Book,A,1
Government,216,71,Own a Book,D,0
Government,81,72,Not Own Book,D,1
Government,174,87,Not Own Book,C,1
Government,123,71,Own a Book,B,1
Government,100,56,Own a Book,D,1
Private,50,86,Not Own Book,B,1
Government,140,57,Not Own Book,D,0
Private,56,86,Not Own Book,C,1
Private,75,97,Own a Book,A,1
Private,101,91,Own a Book,A,1
Government,158,62,Not Own Book,D,0
Private,104,92,Not Own Book,D,1
Government,105,62,Own a Book,C,1
Private,55,68,Own a Book,C,1
Private,59,79,Own a Book,B,1
Private,74,91,Not Own Book,A,1
Government,272,77,Not Own Book,F,0
Private,50,99,Own a Book,A,1
Private,84,90,Own a Book,B,1
Private,64,97,Own a Book,A,1
Government,139,76,Own a Book,D,1
Private,56,94,Own a Book,A,1
Government,189,81,Not Own Book,C,1
Private,74,91,Own a Book,B,1
Private,91,95,Not Own Book,F,1
Private,77,83,Not Own Book,B,1
Private,50,71,Own a Book,F,1
Private,91,92,Own a Book,D,1
Government,60,73,Own a Book,B,1
Government,65,61,Own a Book,D,1
Government,108,57,Own a Book,C,1
Private,61,88,Own a Book,C,0
Government,212,77,Own a Book,F,0
Government,142,75,Own a Book,F,0
Government,206,59,Not Own Book,F,0
Private,66,82,Own a Book,D,0
Private,79,92,Own a Book,A,1
Private,82,88,Own a Book,B,1
Government,181,80,Own a Book,D,1
Government,129,66,Own a Book,B,1
Private,69,93,Own a Book,B,1
Private,70,87,Own a Book,A,1
Government,75,62,Not Own Book,D,0
Government,146,79,Not Own Book,F,1
Government,132,60,Own a Book,D,1
Government,176,70,Own a Book,B,1
Government,154,71,Not Own Book,B,1
Government,210,68,Own a Book,F,0
Government,153,79,Own a Book,C,1
Government,124,75,Not Own Book,D,0
Government,152,74,Not Own Book,D,1
Government,182,70,Not Own Book,D,0
Private,50,99,Own a Book,B,1
Government,117,84,Own a Book,C,1
Government,118,79,Not Own Book,D,1
Private,81,93,Own a Book,A,1
Private,82,83,Not Own Book,B,1
Government,154,69,Not Own Book,D,0
Government,60,76,Own a Book,D,0
Government,75,80,Own a Book,C,1
Private,71,94,Own a Book,A,1
Private,67,92,Own a Book,F,0
Government,150,90,Own a Book,B,1
Government,128,68,Not Own Book,C,1
Private,97,95,Not Own Book,C,1
Private,50,94,Own a Book,C,1
Private,79,91,Own a Book,C,1
Private,87,91,Own a Book,C,1
Government,181,74,Own a Book,F,0
Government,185,62,Own a Book,C,1
Government,191,74,Not Own Book,D,0
Government,122,77,Own a Book,A,1
Government,100,73,Not Own Book,F,0
Government,60,51,Not Own Book,D,0
Government,133,54,Not Own Book,F,0
Government,115,61,Own a Book,B,1
Government,202,68,Not Own Book,F,1
Private,70,82,Own a Book,D,1
Private,59,92,Own a Book,B,1
Government,96,81,Own a Book,F,0
Government,239,83,Not Own Book,C,0
Government,149,73,Own a Book,A,1
Private,63,95,Own a Book,B,1
Government,155,64,Own a Book,D,1
Private,103,86,Own a Book,C,1
Government,132,58,Own a Book,D,0
Government,180,82,Own a Book,F,0
Government,203,89,Not Own Book,C,1
Government,64,66,Not Own Book,C,1
Private,65,72,Not Own Book,F,0
Private,90,81,Own a Book,C,1
Private,64,83,Own a Book,C,1
Government,168,56,Not Own Book,F,1
Private,63,80,Own a Book,A,1
Private,68,89,Own a Book,B,1
Government,124,76,Not Own Book,D,1
Private,84,73,Own a Book,B,1
Private,78,84,Own a Book,C,1
Government,154,70,Not Own Book,C,0
Government,262,59,Own a Book,F,0
Private,101,89,Own a Book,D,1
Private,50,87,Own a Book,F,1
Government,130,65,Not Own Book,D,1
Private,111,81,Own a Book,A,1
Government,124,72,Not Own Book,C,1
Private,106,82,Not Own Book,B,1
Government,130,52,Not Own Book,D,0
Government,139,70,Not Own Book,F,0
Government,188,57,Own a Book,F,0
Government,145,53,Not Own Book,A,1
Private,82,88,Own a Book,D,1
Private,98,86,Own a Book,C,1
Government,184,61,Not Own Book,C,0
Government,156,72,Own a Book,B,1
Government,225,74,Own a Book,B,1
Government,189,72,Not Own Book,F,0
Government,116,72,Not Own Book,F,0
Government,239,53,Not Own Book,F,0
Private,84,97,Own a Book,B,1
Government,140,75,Not Own Book,D,0
Government,60,60,Not Own Book,F,0
Private,54,87,Not Own Book,C,1
Government,226,71,Own a Book,F,0
Government,228,69,Not Own Book,C,1
Government,153,87,Not Own Book,C,1
Government,70,50,Not Own Book,C,1
Government,101,55,Own a Book,F,0
Government,76,50,Own a Book,C,1
Government,75,70,Not Own Book,C,0
Private,105,91,Own a Book,C,1
Government,242,73,Own a Book,F,0
Private,58,85,Own a Book,A,1
Government,149,74,Not Own Book,F,0
Private,55,85,Own a Book,D,1
Private,74,93,Not Own Book,B,1
Private,99,95,Own a Book,B,1
Government,198,60,Not Own Book,F,0
Private,87,85,Own a Book,D,1
Private,72,87,Own a Book,A,1
Private,93,97,Own a Book,C,1
Government,179,61,Not Own Book,D,0
Government,168,80,Not Own Book,F,0
Private,73,77,Own a Book,D,1
Government,164,82,Own a Book,A,1
Private,79,93,Not Own Book,A,1
Government,125,68,Not Own Book,F,0
Private,63,94,Not Own Book,A,1
Private,60,84,Not Own Book,F,0
Government,108,60,Not Own Book,D,0
Government,141,87,Not Own Book,D,0
Government,134,64,Own a Book,D,1
Private,65,92,Not Own Book,A,1
Government,118,81,Own a Book,D,1
Government,163,78,Not Own Book,F,0
Government,211,75,Own a Book,D,0
Private,74,92,Own a Book,A,1
Government,146,80,Own a Book,C,1
Government,107,73,Not Own Book,C,0
Private,71,87,Own a Book,D,0
Government,203,56,Not Own Book,F,0
Government,196,73,Not Own Book,C,1
Private,89,95,Own a Book,A,1
Government,192,58,Own a Book,C,1
Private,81,86,Own a Book,B,1
Private,81,90,Own a Book,D,1
Government,161,85,Not Own Book,F,1
Private,68,79,Not Own Book,B,1
Government,153,77,Not Own Book,F,0
Private,78,85,Own a Book,A,1
Private,84,83,Own a Book,C,1
Private,76,81,Not Own Book,F,0
Private,106,83,Own a Book,B,1
Private,56,91,Own a Book,C,1
Government,183,67,Not Own Book,C,1
Private,74,92,Not Own Book,C,1
Private,75,80,Not Own Book,A,1
Private,62,92,Own a Book,C,1
Private,90,91,Own a Book,C,1
Government,179,54,Not Own Book,C,0
Government,187,85,Own a Book,D,1
Private,77,90,Own a Book,C,1
Government,135,77,Not Own Book,F,0
Government,147,81,Own a Book,A,1
Private,81,94,Not Own Book,A,1
Government,60,68,Own a Book,B,1
Private,88,93,Own a Book,B,1
Private,111,75,Own a Book,A,1
Private,82,90,Own a Book,A,1
Private,70,99,Own a Book,A,1
Government,142,63,Own a Book,A,1
Government,181,79,Not Own Book,D,0
Government,138,87,Not Own Book,F,0
Government,189,76,Not Own Book,F,0
Private,72,95,Own a Book,A,1
Private,100,77,Not Own Book,D,0
Private,100,81,Own a Book,F,0
Government,135,84,Not Own Book,B,1
Private,73,94,Own a Book,A,1
Government,148,74,Own a Book,F,0
Government,149,67,Not Own Book,F,0
Private,60,89,Own a Book,B,1
Government,101,87,Not Own Book,C,0
Government,206,68,Own a Book,F,0
Private,91,92,Not Own Book,D,0
Government,198,76,Not Own Book,F,0
Government,146,63,Own a Book,F,0
Private,103,83,Own a Book,D,0
Government,148,85,Not Own Book,D,1
Government,188,75,Not Own Book,F,0
Private,54,83,Own a Book,B,1
Private,71,85,Own a Book,B,1
Private,72,81,Own a Book,C,1
Government,147,80,Not Own Book,D,1
Government,90,67,Not Own Book,F,0
Government,181,67,Not Own Book,D,1
Government,196,78,Not Own Book,F,0
Government,116,53,Own a Book,F,0
Private,57,87,Own a Book,F,1
Private,63,87,Own a Book,F,0
Government,172,67,Own a Book,F,0
Private,66,84,Own a Book,D,0
Private,72,83,Not Own Book,D,0
Private,58,89,Own a Book,A,1
Government,239,59,Not Own Book,F,0
Private,76,89,Own a Book,C,1
Private,92,84,Own a Book,D,1
Government,172,65,Not Own Book,F,0
Government,148,71,Own a Book,C,1
Private,73,84,Not Own Book,F,0
Private,64,96,Not Own Book,A,1
Government,129,68,Not Own Book,C,0
Private,59,95,Own a Book,B,1
Government,99,62,Not Own Book,D,0
Private,106,82,Not Own Book,D,0
Government,162,53,Own a Book,C,1
Private,96,84,Own a Book,B,1
Private,63,86,Own a Book,B,1
Private,56,88,Own a Book,A,1
Government,105,76,Not Own Book,F,0
Government,131,76,Not Own Book,F,0
Private,75,95,Own a Book,B,1
Government,143,61,Not Own Book,D,1
Government,115,70,Own a Book,C,1
Government,153,59,Own a Book,C,1
Private,77,90,Own a Book,C,1
Government,181,88,Not Own Book,D,0
Government,216,58,Own a Book,F,0
Private,69,92,Own a Book,A,1
Government,204,80,Not Own Book,C,1
Private,75,81,Not Own Book,A,1
Private,52,91,Not Own Book,C,1
Government,230,66,Own a Book,F,0
Private,109,87,Own a Book,A,1
Private,84,85,Not Own Book,F,1
Private,76,86,Own a Book,A,1
Private,70,96,Not Own Book,B,1
Government,129,69,Not Own Book,A,1
Government,204,63,Own a Book,D,1
Private,74,88,Own a Book,B,1
Private,100,73,Own a Book,D,1
Government,151,61,Own a Book,D,0
Private,68,96,Not Own Book,F,1
Government,122,68,Not Own Book,F,0
Private,63,84,Own a Book,D,1
Government,173,71,Not Own Book,D,0
Private,55,93,Own a Book,D,1
Government,113,83,Own a Book,B,1
Private,94,84,Own a Book,C,1
Government,107,65,Not Own Book,F,0
Government,188,67,Own a Book,B,1
Government,60,80,Own a Book,A,1
Government,215,70,Own a Book,F,0
Private,55,99,Own a Book,B,1
Private,61,86,Own a Book,C,1
Private,85,99,Own a Book,C,1
Private,79,81,Own a Book,A,1
Government,190,56,Not Own Book,F,0
Government,92,68,Own a Book,D,0
Government,137,81,Own a Book,A,1
Government,122,65,Not Own Book,C,1
Government,100,63,Not Own Book,D,0
Private,83,95,Own a Book,A,1
Private,89,92,Own a Book,B,1
Government,134,62,Not Own Book,F,0
Private,97,82,Own a Book,C,1
Private,63,93,Own a Book,F,0
Private,97,76,Own a Book,F,0
Government,175,80,Own a Book,F,0
Private,56,92,Own a Book,A,1
Government,239,50,Not Own Book,F,0
Private,68,88,Not Own Book,B,1
Government,204,50,Not Own Book,F,0
Government,156,57,Not Own Book,C,1
Government,166,64,Own a Book,B,1
Government,190,57,Own a Book,D,0
Government,188,92,Not Own Book,F,0
Private,69,94,Own a Book,B,1
Government,173,83,Own a Book,C,1
Private,81,87,Own a Book,A,1
Government,159,70,Own a Book,F,0
Private,71,99,Own a Book,D,1
Government,159,74,Own a Book,C,1
Government,238,76,Not Own Book,D,0
Government,136,60,Own a Book,A,1
Private,93,81,Not Own Book,B,1
Government,122,72,Not Own Book,D,0
Government,110,73,Not Own Book,B,1
Private,120,81,Own a Book,F,1
Government,174,73,Not Own Book,D,0
Private,83,79,Own a Book,D,1
Private,83,88,Own a Book,D,1
Government,213,55,Not Own Book,F,0
Government,168,83,Not Own Book,D,1
Government,186,66,Not Own Book,F,0
Government,102,63,Not Own Book,F,0
Private,89,79,Own a Book,B,1
Private,71,79,Own a Book,A,1
Private,85,91,Own a Book,B,0
Private,50,95,Own a Book,A,1
Private,84,94,Not Own Book,C,0
Government,60,83,Not Own Book,B,1
Private,70,99,Own a Book,A,1
Government,73,79,Not Own Book,F,0
Private,84,84,Own a Book,B,1
Government,153,71,Not Own Book,F,0
Private,63,72,Own a Book,C,0
Private,96,92,Not Own Book,D,0
Government,109,71,Own a Book,D,0
Government,60,85,Own a Book,D,1
Government,173,62,Own a Book,D,0
Government,70,75,Own a Book,C,1
Private,62,80,Not Own Book,B,1
Private,67,87,Own a Book,B,1
Private,53,76,Not Own Book,D,0
Government,127,83,Own a Book,D,1
Government,86,80,Own a Book,F,0
Government,157,65,Own a Book,F,0
Private,56,89,Own a Book,D,0
Government,151,70,Not Own Book,F,0
Government,202,63,Not Own Book,F,0
Government,185,71,Own a Book,D,1
Government,146,65,Not Own Book,D,0
Private,60,94,Own a Book,A,1
Government,157,67,Not Own Book,F,0
Private,64,99,Own a Book,A,1
Government,159,69,Own a Book,D,0
Private,50,88,Own a Book,A,1
Private,87,91,Own a Book,D,1
Private,75,93,Not Own Book,F,0
Private,108,88,Own a Book,A,1
Government,208,75,Not Own Book,F,0
Government,175,71,Not Own Book,F,0
Private,73,82,Own a Book,B,1
Private,64,80,Own a Book,D,1
Government,192,76,Not Own Book,B,1
Government,139,85,Own a Book,C,0
Government,202,53,Own a Book,B,1
Private,81,77,Own a Book,F,0
Government,168,55,Not Own Book,F,0
Private,83,93,Not Own Book,B,1
Private,61,94,Own a Book,A,1
Government,104,60,Own a Book,F,0
Private,59,99,Own a Book,A,1
Government,197,66,Not Own Book,F,0
Government,107,84,Not Own Book,C,1
Government,113,78,Own a Book,A,1
Private,83,81,Not Own Book,A,1
Government,138,65,Own a Book,B,1
Private,69,81,Own a Book,A,1
Government,129,56,Not Own Book,D,0
Private,50,86,Own a Book,A,1
Government,106,58,Own a Book,F,0
Private,92,86,Own a Book,D,1
Government,125,89,Not Own Book,B,1
Government,64,76,Not Own Book,C,1
Private,59,84,Own a Book,B,1
Private,80,83,Not Own Book,D,0
Private,80,85,Own a Book,A,1
Government,136,90,Own a Book,B,1
Government,118,59,Own a Book,B,1
Government,86,69,Own a Book,C,1
Government,166,74,Not Own Book,F,0
Private,87,96,Own a Book,B,1
Private,94,85,Own a Book,A,1
Private,58,81,Not Own Book,D,0
Private,95,90,Own a Book,B,1
Government,147,83,Own a Book,B,1
Private,75,86,Not Own Book,C,1
Private,88,82,Own a Book,A,1
Private,66,88,Own a Book,A,1
Government,60,53,Not Own Book,F,0
Government,181,67,Not Own Book,F,0
Private,80,96,Own a Book,A,1
Government,133,78,Not Own Book,A,1
Private,84,86,Not Own Book,C,1
Government,187,86,Not Own Book,C,1
Private,52,99,Own a Book,C,1
Private,75,92,Own a Book,C,1
Private,50,77,Own a Book,B,1
Private,73,74,Own a Book,D,0
Private,69,97,Not Own Book,B,1
Government,172,72,Not Own Book,A,1
Government,101,86,Not Own Book,D,1
Government,131,56,Not Own Book,F,0
Private,50,86,Own a Book,A,1
Private,83,95,Own a Book,B,1
Government,146,62,Own a Book,F,0
Government,153,80,Not Own Book,F,0
Private,52,87,Not Own Book,C,1
Private,80,88,Own a Book,F,0
Government,224,58,Own a Book,F,0
Private,72,89,Own a Book,B,1
Private,84,99,Not Own Book,B,1
Government,110,73,Not Own Book,F,0
Private,73,82,Own a Book,D,1
Private,52,97,Own a Book,A,1
Government,185,62,Not Own Book,C,1
Private,77,99,Own a Book,C,1
Private,56,79,Not Own Book,C,1
Government,113,72,Own a Book,B,1
Private,75,98,Own a Book,B,1
Government,191,61,Own a Book,D,1
Government,216,70,Own a Book,D,0
Government,143,81,Not Own Book,D,1
Private,54,72,Own a Book,A,1
Government,160,79,Not Own Book,C,1
Private,101,87,Own a Book,C,1
Private,50,98,Own a Book,B,1
Government,107,61,Own a Book,F,0
Private,84,78,Own a Book,A,1
Private,77,84,Own a Book,A,1
Private,66,84,Not Own Book,B,1
Government,159,67,Not Own Book,F,0
Private,89,84,Own a Book,B,1
Government,145,50,Own a Book,D,0
Government,141,69,Not Own Book,B,1
Government,176,72,Not Own Book,D,0
Government,137,68,Own a Book,B,1
Private,92,90,Own a Book,B,1
Private,105,88,Own a Book,A,1
Private,61,78,Not Own Book,B,1
Private,56,85,Not Own Book,A,1
Private,80,88,Own a Book,D,0
Private,55,86,Own a Book,D,1
Government,91,55,Own a Book,C,1
Government,60,82,Not Own Book,B,1
Government,132,60,Not Own Book,D,0
Government,148,57,Not Own Book,F,0
Private,67,88,Own a Book,C,1
Government,212,66,Own a Book,F,0
Private,94,92,Own a Book,B,1
Government,236,78,Not Own Book,F,0
Private,75,93,Own a Book,B,1
Government,203,69,Own a Book,D,1
Government,163,75,Not Own Book,B,1
Government,159,54,Not Own Book,F,0
Government,128,80,Not Own Book,D,1
Government,60,65,Own a Book,C,1
Government,178,89,Not Own Book,F,0
Government,201,81,Not Own Book,F,0
Government,81,68,Not Own Book,F,0
Private,74,88,Not Own Book,C,1
Private,89,96,Not Own Book,D,1
Private,69,72,Own a Book,C,1
Government,203,68,Not Own Book,F,0
Private,72,99,Own a Book,A,1
Private,67,93,Own a Book,A,1
Private,93,82,Own a Book,B,1
Private,60,90,Own a Book,A,1
Private,64,81,Own a Book,D,1
Private,61,85,Not Own Book,A,1
Private,57,90,Own a Book,C,1
Government,156,75,Own a Book,F,0
Private,67,93,Own a Book,B,1
Private,82,96,Own a Book,B,1
Government,71,58,Not Own Book,C,1
Government,99,70,Not Own Book,F,1
Private,75,82,Not Own Book,B,1
Government,216,66,Not Own Book,C,1
Private,80,82,Not Own Book,B,1
Private,66,91,Not Own Book,A,1
Private,52,95,Own a Book,C,1
Private,65,95,Own a Book,B,1
Government,148,58,Not Own Book,C,1
Private,50,87,Own a Book,C,1
Private,56,80,Not Own Book,C,1
Private,63,79,Not Own Book,D,1
Government,138,63,Own a Book,D,0
Private,74,90,Not Own Book,B,1
Government,122,75,Own a Book,C,1
Government,172,76,Not Own Book,F,0
Government,155,75,Own a Book,C,0
Government,133,61,Not Own Book,F,0
Government,178,81,Not Own Book,D,0
Private,83,93,Own a Book,C,1
Government,84,65,Own a Book,A,1
Private,74,85,Own a Book,B,1
Private,88,83,Own a Book,A,1
Government,197,57,Not Own Book,C,1
Government,166,76,Own a Book,D,1
Government,139,78,Not Own Book,C,1
Government,168,60,Not Own Book,F,0
Private,87,79,Not Own Book,D,1
Private,76,81,Own a Book,C,1
Private,78,88,Not Own Book,C,1
Government,138,56,Own a Book,F,0
Private,54,95,Own a Book,C,1
Private,72,95,Own a Book,B,1
Government,119,74,Own a Book,F,0
Government,119,78,Own a Book,C,1
Government,214,70,Not Own Book,C,0
Government,192,74,Not Own Book,D,1
Private,50,78,Not Own Book,A,1
Government,101,83,Own a Book,A,1
Government,133,65,Not Own Book,F,0
Government,121,68,Not Own Book,B,1
Private,79,99,Not Own Book,B,1
Private,56,86,Own a Book,C,1
Government,193,77,Not Own Book,F,0
Government,148,75,Own a Book,C,1
Private,69,78,Own a Book,C,1
Private,74,81,Own a Book,C,1
Government,131,90,Own a Book,C,1
Private,50,92,Own a Book,A,1
Government,150,69,Not Own Book,D,0
Government,135,64,Own a Book,D,0
Government,107,73,Not Own Book,B,1
Government,199,74,Not Own Book,F,0
Private,85,89,Own a Book,C,1
Private,111,95,Own a Book,D,0
Government,187,61,Not Own Book,C,1
Government,121,59,Own a Book,C,1
Government,109,80,Not Own Book,D,1
Private,67,99,Own a Book,C,1
Government,120,78,Not Own Book,B,1
Private,76,97,Own a Book,D,1
Government,80,69,Not Own Book,D,1
Government,179,72,Own a Book,D,1
Government,154,72,Not Own Book,C,1
Private,82,87,Own a Book,A,1
Private,57,97,Not Own Book,C,1
Private,78,95,Own a Book,A,1
Private,94,85,Own a Book,B,1
Private,62,76,Own a Book,C,1
Private,61,87,Own a Book,A,1
Private,85,79,Own a Book,C,1
Government,106,70,Not Own Book,F,0
Private,71,80,Own a Book,C,1
Government,216,82,Not Own Book,D,1
Private,61,92,Not Own Book,A,1
Government,219,76,Not Own Book,C,0
Private,69,95,Own a Book,A,1
Government,99,73,Own a Book,B,1
Private,84,91,Own a Book,A,1
Private,76,98,Own a Book,C,1
Private,75,87,Own a Book,B,1
Private,63,92,Not Own Book,D,1
Government,154,59,Not Own Book,F,0
Private,50,88,Own a Book,C,1
Private,78,99,Own a Book,A,1
Private,94,93,Not Own Book,A,1
Private,50,87,Not Own Book,C,1
Government,131,72,Own a Book,F,0
Government,110,69,Not Own Book,F,0
Government,82,72,Not Own Book,B,1
Government,60,66,Not Own Book,F,0
Government,96,74,Own a Book,F,0
Government,139,75,Not Own Book,D,0
Private,92,88,Own a Book,A,1
Private,52,88,Own a Book,B,1
Private,79,90,Own a Book,C,1
Private,78,84,Own a Book,B,1
Private,100,91,Not Own Book,D,1
Government,175,77,Own a Book,D,0
Private,84,98,Not Own Book,B,1
Private,85,90,Own a Book,C,1
Private,61,84,Own a Book,C,1
Private,66,87,Own a Book,D,1
Government,200,58,Not Own Book,F,0
Government,60,77,Not Own Book,C,1
Private,64,73,Not Own Book,C,1
Private,55,95,Own a Book,B,1
Government,160,81,Not Own Book,F,0
Government,131,50,Own a Book,C,1
Private,84,96,Own a Book,B,1
Government,145,80,Own a Book,A,1
Government,80,67,Not Own Book,F,0
Private,52,79,Not Own Book,C,0
Government,149,61,Not Own Book,D,1
Government,115,62,Own a Book,C,1
Government,126,83,Not Own Book,F,0
Private,89,84,Own a Book,A,1
Private,86,94,Not Own Book,D,1
Private,101,87,Own a Book,A,1
Government,135,70,Own a Book,C,1
Government,121,54,Not Own Book,F,0
Government,168,58,Own a Book,F,0
Government,124,82,Not Own Book,D,0
Government,126,68,Not Own Book,B,1
Private,71,90,Own a Book,A,1
Private,99,99,Not Own Book,A,1
Government,181,68,Own a Book,B,1
Private,87,86,Own a Book,C,1
Private,99,96,Not Own Book,B,1
Government,190,70,Not Own Book,F,0
Government,99,73,Own a Book,D,0
Government,189,79,Not Own Book,D,1
Private,90,88,Own a Book,A,1
Government,179,77,Own a Book,D,1
Government,141,68,Own a Book,F,1
Government,174,79,Own a Book,F,0
Private,74,90,Own a Book,B,1
Government,105,67,Own a Book,A,1
Private,64,88,Own a Book,C,1
Government,181,50,Own a Book,F,0
Private,61,96,Own a Book,A,1
Government,113,57,Not Own Book,F,0
Private,86,80,Own a Book,F,0
Government,156,65,Own a Book,F,0
Government,175,52,Not Own Book,F,0
Government,94,74,Own a Book,D,1
Private,83,90,Own a Book,A,1
Private,65,84,Own a Book,A,1
Government,104,63,Not Own Book,F,0
Government,127,63,Not Own Book,A,1
Government,211,76,Not Own Book,D,1
Government,133,54,Not Own Book,F,0
Government,249,65,Not Own Book,D,1
Private,50,77,Own a Book,D,0
Government,80,77,Not Own Book,D,0
Private,94,85,Own a Book,B,1
Private,98,91,Own a Book,B,1
Private,62,96,Own a Book,A,1
Government,153,82,Not Own Book,C,1
Government,182,59,Not Own Book,D,0
Private,71,90,Not Own Book,D,1
Government,156,81,Own a Book,C,1
Government,150,76,Own a Book,D,0
Private,52,93,Not Own Book,A,1
Government,134,52,Not Own Book,F,0
Government,150,76,Not Own Book,D,1
Government,154,62,Not Own Book,F,0
Private,50,92,Own a Book,A,1
Government,183,76,Not Own Book,D,0
Government,155,75,Not Own Book,F,0
Government,102,68,Not Own Book,F,0
Private,101,97,Own a Book,B,1
Government,134,75,Not Own Book,F,0
Government,137,73,Not Own Book,C,1
Government,178,60,Not Own Book,F,0
Government,234,73,Not Own Book,C,1
Government,180,89,Not Own Book,F,0
Private,87,78,Own a Book,A,1
Government,104,77,Not Own Book,C,1
Private,76,93,Own a Book,B,1
Private,67,99,Own a Book,D,1
Private,85,93,Own a Book,A,1
Government,185,70,Not Own Book,B,1
Government,223,74,Not Own Book,F,0
Private,50,86,Not Own Book,C,1
Private,65,96,Own a Book,B,1
Private,94,77,Not Own Book,A,1
Private,53,84,Own a Book,A,1
Government,186,74,Own a Book,D,1
Private,92,96,Own a Book,C,1
Private,74,87,Own a Book,A,1
Private,53,82,Own a Book,C,1
Private,73,86,Own a Book,C,1
Government,215,66,Not Own Book,D,0
Private,98,85,Own a Book,D,1
Government,159,65,Not Own Book,C,1
Private,60,84,Not Own Book,A,1
Private,101,75,Not Own Book,D,1
Government,186,73,Own a Book,D,0
Private,61,92,Own a Book,C,1
Private,80,98,Own a Book,C,1
Government,163,78,Not Own Book,F,0
Government,121,78,Not Own Book,C,1
Government,165,72,Own a Book,D,0
Private,91,75,Own a Book,B,1
Private,70,89,Own a Book,B,1
Government,204,71,Own a Book,F,0
Government,71,80,Not Own Book,D,0
Private,108,91,Own a Book,B,1
Private,75,87,Own a Book,D,0
Private,91,99,Own a Book,C,1
Private,78,93,Not Own Book,D,1
Government,112,73,Not Own Book,B,1
Government,148,74,Own a Book,C,1
Government,64,70,Not Own Book,D,1
Private,85,88,Own a Book,A,1
Private,77,72,Not Own Book,B,1
Government,141,60,Own a Book,D,0
Private,86,84,Own a Book,C,1
Private,75,91,Own a Book,A,1
Private,84,76,Own a Book,C,1
Government,193,64,Not Own Book,F,0
Government,125,63,Own a Book,D,1
Government,112,71,Not Own Book,D,1
Private,50,91,Own a Book,C,1
Government,155,63,Own a Book,D,1
Government,170,64,Not Own Book,C,1
Private,55,83,Own a Book,A,1
Government,213,66,Own a Book,D,0
Government,112,69,Not Own Book,F,0
Private,50,97,Own a Book,A,1
Private,97,80,Own a Book,B,1
Private,50,99,Own a Book,A,1
Government,193,57,Own a Book,D,1
Private,85,94,Own a Book,C,1
Government,164,65,Not Own Book,C,1
Private,67,81,Own a Book,F,0
Government,172,83,Not Own Book,A,1
Government,197,70,Own a Book,F,0
Private,60,88,Not Own Book,B,1
Private,89,86,Not Own Book,A,1
Government,191,64,Not Own Book,F,0
Private,79,86,Own a Book,A,1
Private,66,65,Not Own Book,B,1
Private,89,75,Not Own Book,C,1
Government,172,73,Own a Book,D,1
Government,104,81,Not Own Book,D,1
Private,69,97,Own a Book,A,1
Government,186,60,Not Own Book,F,0
Government,155,71,Not Own Book,F,0
Government,198,50,Own a Book,F,0
Private,69,85,Not Own Book,D,1
Private,60,93,Own a Book,C,1
Private,107,87,Not Own Book,D,1
Private,50,85,Own a Book,D,1
Private,67,87,Own a Book,A,1
Private,79,96,Own a Book,C,1
Private,89,86,Own a Book,C,1
Government,179,70,Not Own Book,F,0
Government,254,85,Own a Book,F,0
Private,73,86,Own a Book,C,1
Private,61,76,Not Own Book,D,1
Private,71,97,Own a Book,A,1
Government,135,80,Not Own Book,A,1
Government,146,50,Own a Book,F,0
Government,105,68,Own a Book,C,1
Government,185,69,Own a Book,C,1
Government,166,83,Not Own Book,F,0
Private,56,87,Own a Book,A,1
Government,193,71,Not Own Book,F,0
Government,113,71,Not Own Book,A,1
Government,96,65,Own a Book,D,1
Private,76,97,Own a Book,B,1
Government,70,62,Not Own Book,D,0
Private,83,84,Own a Book,A,1
Government,60,69,Own a Book,F,1
Government,103,56,Not Own Book,D,0
Private,98,99,Not Own Book,C,1
Private,64,87,Not Own Book,A,1
Private,67,93,Own a Book,A,1
Government,207,60,Own a Book,D,0
Private,63,92,Not Own Book,C,1
Government,184,77,Own a Book,D,0
Government,202,79,Not Own Book,F,0
Private,82,99,Own a Book,A,1
Government,84,64,Not Own Book,D,0
Private,65,86,Not Own Book,A,1
Private,115,82,Own a Book,B,1
Government,127,69,Own a Book,A,1
Private,119,92,Own a Book,A,1
Private,100,92,Own a Book,A,1
Government,173,86,Not Own Book,F,0
Private,79,91,Own a Book,C,1
Government,129,70,Own a Book,A,1
Government,145,59,Own a Book,C,1
Government,119,78,Not Own Book,D,1
Government,147,68,Not Own Book,F,0
Private,54,94,Own a Book,C,1
Private,53,85,Own a Book,D,1
Government,208,82,Not Own Book,F,1
Government,77,73,Not Own Book,A,1
Government,189,79,Own a Book,D,1
Private,50,90,Own a Book,A,1
Private,84,81,Not Own Book,C,1
Government,140,66,Not Own Book,F,0
Government,209,57,Not Own Book,D,0
Government,135,71,Own a Book,C,1
Government,60,55,Not Own Book,C,1
Government,141,72,Not Own Book,F,0
Government,157,50,Own a Book,F,1
Private,73,93,Own a Book,A,1
Government,175,58,Not Own Book,D,1
Government,124,60,Not Own Book,D,1
Government,93,83,Own a Book,B,1
Government,105,73,Not Own Book,B,1
Government,126,78,Not Own Book,C,1
Government,126,59,Not Own Book,F,0
Private,111,94,Own a Book,D,0
Government,206,68,Not Own Book,D,1
Government,180,71,Own a Book,F,0
Government,170,84,Own a Book,F,0
Government,163,58,Not Own Book,D,0
Private,79,94,Own a Book,A,1
Government,157,73,Not Own Book,F,0
Private,75,86,Own a Book,A,1
Private,50,80,Own a Book,B,1
Government,133,67,Not Own Book,F,0
Private,71,82,Own a Book,C,1
Private,63,96,Own a Book,D,1
Government,124,70,Not Own Book,F,0
Private,79,83,Not Own Book,C,1
Government,184,55,Not Own Book,D,0
Government,163,65,Not Own Book,A,1
Government,183,82,Own a Book,F,0
Private,86,88,Own a Book,A,1
Government,136,68,Own a Book,C,1
Government,173,86,Not Own Book,F,0
Government,71,65,Own a Book,D,0
Private,69,82,Own a Book,A,1
Government,127,74,Not Own Book,F,0
Government,218,74,Own a Book,C,1
Private,80,83,Own a Book,B,1
Government,89,62,Not Own Book,F,0
Government,176,84,Own a Book,D,0
Private,88,84,Own a Book,C,1
Private,73,77,Own a Book,D,1
Government,181,71,Own a Book,D,0
Government,60,78,Not Own Book,F,0
Private,50,86,Not Own Book,B,1
Government,96,75,Not Own Book,D,0
Private,77,80,Not Own Book,F,0
Private,97,92,Own a Book,A,1
Government,99,60,Not Own Book,F,0
Government,111,73,Not Own Book,C,0
Private,76,93,Not Own Book,D,1
Private,67,88,Own a Book,A,1
Private,66,79,Own a Book,D,0
Government,131,58,Not Own Book,F,0
Private,94,99,Not Own Book,F,0
Private,91,82,Not Own Book,F,0
Government,151,77,Own a Book,B,1
Private,99,88,Own a Book,C,1
Private,82,80,Own a Book,B,1
Government,201,64,Not Own Book,D,0
Government,111,86,Own a Book,D,1
Government,120,92,Own a Book,C,1
Private,65,85,Own a Book,A,1
Government,146,66,Own a Book,D,0
Government,152,53,Not Own Book,C,1
Private,79,76,Not Own Book,D,1
Private,104,81,Own a Book,B,1
Government,182,65,Not Own Book,D,0
Private,67,87,Own a Book,A,1
Private,74,92,Own a Book,D,1
Private,97,89,Own a Book,D,1
Government,185,77,Not Own Book,F,0
Private,97,83,Not Own Book,D,0
Private,67,87,Own a Book,A,1
Government,117,66,Not Own Book,C,0
Government,118,57,Own a Book,F,0
Government,131,50,Own a Book,C,1
Private,59,83,Own a Book,A,1
Government,163,50,Not Own Book,F,0
Private,79,80,Own a Book,B,1
Government,210,75,Own a Book,F,0
Private,50,89,Own a Book,B,1
Government,107,70,Own a Book,B,1
Private,87,96,Own a Book,C,1
Private,77,82,Own a Book,D,1
Government,152,76,Own a Book,D,0
Government,206,61,Not Own Book,F,1
Private,59,89,Own a Book,C,1
Government,117,71,Own a Book,D,0
Private,62,89,Own a Book,B,1
Private,50,85,Not Own Book,A,1
Private,76,90,Own a Book,A,1
Government,126,73,Not Own Book,D,0
Government,117,55,Not Own Book,B,1
Government,108,78,Own a Book,D,1
Private,74,79,Not Own Book,D,0
Government,114,61,Not Own Book,D,1
Government,159,72,Own a Book,D,0
Private,81,92,Own a Book,D,1
Government,136,72,Own a Book,B,1
Private,69,90,Own a Book,C,1
Private,77,80,Not Own Book,D,1
Government,148,64,Not Own Book,F,0
Private,94,73,Own a Book,F,1
Government,164,60,Own a Book,B,0
Private,91,78,Not Own Book,D,0
Private,84,88,Own a Book,D,0
Private,55,99,Own a Book,A,1
Government,124,77,Not Own Book,F,1
Government,147,50,Not Own Book,D,0
Private,88,77,Own a Book,D,0
Private,103,78,Own a Book,C,1
Government,128,52,Not Own Book,D,0
Private,75,86,Own a Book,A,1
Private,86,89,Not Own Book,B,1
Government,147,57,Own a Book,F,0
Government,223,67,Own a Book,C,1
Private,54,89,Own a Book,D,1
Private,85,92,Own a Book,F,0
Government,180,71,Own a Book,F,0
Government,201,73,Not Own Book,D,1
Government,152,69,Not Own Book,A,1
Government,190,59,Own a Book,F,0
Government,138,62,Not Own Book,F,0
Government,113,56,Not Own Book,D,1
Government,107,84,Not Own Book,F,0
Government,85,55,Own a Book,D,1
Private,68,94,Not Own Book,B,1
Private,79,77,Own a Book,C,1
Private,71,93,Own a Book,A,1
Government,158,79,Own a Book,C,1
Government,205,81,Not Own Book,C,0
Government,126,59,Not Own Book,C,1
Private,110,89,Own a Book,A,1
Private,86,83,Own a Book,A,1
Private,72,81,Not Own Book,D,1
Private,71,88,Own a Book,C,1
Private,59,93,Not Own Book,A,1
Government,148,64,Own a Book,F,0
Government,60,73,Not Own Book,D,0
Private,93,81,Own a Book,C,1
Government,60,59,Not Own Book,F,0
Private,75,85,Own a Book,B,1
Government,98,67,Not Own Book,F,0
Private,64,92,Own a Book,A,1
Private,66,79,Own a Book,D,1
Government,236,91,Own a Book,D,1
Private,58,75,Own a Book,C,1
Government,191,72,Not Own Book,F,1
Government,202,67,Not Own Book,F,0
Government,60,63,Own a Book,D,1
Government,122,68,Not Own Book,D,0
Private,97,92,Not Own Book,C,1
Government,90,78,Own a Book,F,0
Private,92,86,Not Own Book,D,0
Government,149,73,Not Own Book,D,1
Private,74,78,Own a Book,C,1
Government,153,68,Own a Book,F,0
Government,165,73,Own a Book,C,0
Private,60,72,Own a Book,D,0
Private,71,88,Not Own Book,A,1
Government,166,68,Not Own Book,F,0
Government,157,82,Own a Book,A,1
Private,80,89,Not Own Book,B,1
Private,64,91,Own a Book,B,1
Government,178,67,Not Own Book,F,0
Government,155,76,Own a Book,C,1
Private,51,91,Own a Book,A,1
Government,126,56,Not Own Book,B,1
Government,109,73,Own a Book,A,1
Private,61,96,Own a Book,A,1
Private,67,94,Own a Book,A,1
Government,177,70,Own a Book,B,1
Private,65,90,Own a Book,A,1
Government,160,79,Not Own Book,F,0
Government,152,58,Own a Book,C,1
Private,63,91,Own a Book,B,1
Private,69,74,Own a Book,B,1
Government,188,78,Not Own Book,D,0
Government,156,66,Not Own Book,D,1
Government,174,69,Not Own Book,F,1
Private,94,84,Own a Book,F,1
Government,169,69,Own a Book,B,1
Government,63,72,Not Own Book,A,1
Private,79,93,Not Own Book,D,0
Government,122,82,Not Own Book,B,1
Private,102,88,Own a Book,A,1
Private,80,76,Own a Book,A,1
Private,66,97,Own a Book,A,1
Private,83,77,Own a Book,A,1
Government,154,65,Own a Book,C,1
Government,72,65,Own a Book,C,1
Government,188,70,Not Own Book,D,1
Private,68,79,Own a Book,A,1
Private,96,78,Own a Book,A,1
Private,73,87,Own a Book,C,1
Private,96,82,Own a Book,B,1
Government,169,83,Own a Book,B,1
Government,193,64,Not Own Book,B,1
Government,127,59,Own a Book,F,0
Private,80,99,Own a Book,B,1
Government,72,74,Not Own Book,F,0
Government,144,92,Not Own Book,C,0
Private,52,74,Own a Book,B,1
Government,98,72,Not Own Book,C,1
Government,109,74,Not Own Book,D,1
Private,84,88,Own a Book,F,1
Private,72,85,Own a Book,C,1
Government,151,82,Not Own Book,B,1
Private,72,91,Own a Book,A,1
Private,91,76,Own a Book,D,1
Private,75,81,Own a Book,F,0
Private,78,79,Own a Book,A,1
Government,124,68,Not Own Book,C,1
Private,92,94,Own a Book,C,1
Private,93,85,Not Own Book,B,1
Private,74,86,Not Own Book,C,1
Private,66,81,Own a Book,B,1
Private,50,93,Own a Book,B,1
Private,61,96,Own a Book,A,1
Government,60,69,Own a Book,F,0
Government,109,85,Not Own Book,F,0
Government,166,64,Own a Book,F,0
Private,74,78,Own a Book,B,1
Private,109,93,Not Own Book,A,1
Private,69,87,Not Own Book,D,0
Private,68,83,Not Own Book,A,1
Private,90,88,Not Own Book,A,1
Private,50,76,Own a Book,A,1
Government,83,52,Own a Book,D,1
Government,179,70,Not Own Book,D,0
Government,141,74,Not Own Book,D,1
Government,142,83,Own a Book,D,0
Private,60,94,Not Own Book,B,1
Private,78,92,Own a Book,C,1
Private,62,96,Own a Book,A,1
Private,76,91,Own a Book,A,1
Private,57,85,Own a Book,C,1
Government,141,79,Not Own Book,F,0
Private,105,94,Own a Book,A,1
Government,130,69,Not Own Book,F,0
Government,144,58,Not Own Book,F,0
Government,140,52,Not Own Book,C,1
Private,77,93,Not Own Book,A,1
Private,82,91,Own a Book,A,1
Government,161,76,Not Own Book,D,1
Private,79,94,Not Own Book,A,1
Government,141,61,Not Own Book,F,0
Government,154,51,Not Own Book,F,0
Government,140,75,Not Own Book,B,1
Private,50,96,Own a Book,B,1
Private,114,90,Not Own Book,D,1
Government,182,55,Not Own Book,F,0
Government,105,72,Not Own Book,B,1
Government,160,58,Not Own Book,C,0
Government,89,54,Not Own Book,B,1
Government,127,69,Own a Book,D,0
Private,52,89,Own a Book,C,1
Government,147,69,Not Own Book,D,0
Government,78,74,Own a Book,C,1
Government,167,62,Not Own Book,D,1
Government,180,70,Not Own Book,F,0
Government,112,65,Not Own Book,C,1
Private,77,86,Not Own Book,B,1
Private,61,89,Own a Book,B,1
Government,173,80,Not Own Book,F,0
Private,64,90,Own a Book,D,1
Government,185,76,Not Own Book,B,1
Government,68,70,Own a Book,F,0
Government,104,74,Own a Book,D,1
Government,100,80,Not Own Book,C,1
Government,159,88,Not Own Book,B,1
Government,174,82,Not Own Book,A,1
Government,162,69,Not Own Book,D,0
Government,127,81,Own a Book,C,1
Private,50,91,Own a Book,A,1
Government,151,63,Own a Book,F,0
Government,185,75,Not Own Book,D,0
Government,270,58,Not Own Book,F,0
Private,68,91,Own a Book,A,1
Government,120,87,Not Own Book,D,0
Government,164,78,Not Own Book,F,0
Government,138,81,Not Own Book,C,1
Government,207,66,Not Own Book,C,1
Private,62,91,Own a Book,C,1
Government,138,76,Not Own Book,A,1
Government,189,66,Own a Book,F,0
Private,79,92,Own a Book,B,1
Private,92,91,Own a Book,A,1
Private,68,92,Own a Book,B,1
Private,93,80,Not Own Book,C,1
Government,75,82,Not Own Book,F,0
Government,76,74,Not Own Book,A,1
Private,94,87,Not Own Book,B,1
Government,150,69,Own a Book,F,0
Government,191,69,Own a Book,D,1
Government,154,61,Not Own Book,F,0
Private,74,96,Own a Book,A,1
Private,55,94,Own a Book,A,1
Private,74,95,Not Own Book,A,1
Government,211,85,Not Own Book,C,1
Private,75,89,Not Own Book,B,1
Government,180,53,Not Own Book,F,0
Government,179,76,Not Own Book,D,0
Government,104,75,Not Own Book,C,1
Government,188,85,Not Own Book,B,1
Private,70,95,Own a Book,B,1
Government,138,71,Own a Book,D,1
Government,244,68,Not Own Book,F,0
Government,176,80,Not Own Book,D,1
Private,65,69,Own a Book,C,1
Government,152,72,Not Own Book,F,0
Government,151,79,Own a Book,C,1
Government,225,68,Own a Book,F,0
Private,75,85,Not Own Book,B,1
Government,249,72,Not Own Book,F,0
Private,55,97,Own a Book,A,1
Government,148,74,Own a Book,F,0
Government,115,63,Not Own Book,C,0
Government,127,82,Own a Book,B,1
Private,67,97,Own a Book,B,1
Private,64,82,Own a Book,A,1
Government,227,92,Not Own Book,D,0
Private,96,87,Own a Book,A,1
Private,81,94,Not Own Book,B,1
Private,67,93,Own a Book,A,1
Private,64,83,Own a Book,D,0
Government,183,65,Not Own Book,F,0
Government,163,70,Own a Book,C,0
Private,72,74,Own a Book,B,1
Private,83,93,Own a Book,C,1
Government,190,51,Not Own Book,F,0
Government,143,70,Own a Book,F,0
Government,114,63,Not Own Book,D,1
Private,55,92,Own a Book,C,1
Private,78,72,Own a Book,B,1
Government,247,53,Own a Book,F,0
Private,58,83,Own a Book,D,1
Private,91,91,Own a Book,B,1
Private,64,89,Own a Book,C,1
Government,128,80,Not Own Book,D,1
Private,88,88,Not Own Book,A,1
Government,138,69,Own a Book,D,0
Private,78,80,Own a Book,D,0
Private,78,86,Own a Book,A,1
Private,64,87,Own a Book,D,1
Government,190,50,Own a Book,D,0
Government,147,61,Not Own Book,D,1
Government,87,74,Not Own Book,C,1
Private,61,89,Own a Book,A,1
Government,60,67,Not Own Book,C,1
Government,152,63,Not Own Book,D,1
Government,208,52,Own a Book,D,0
Government,102,50,Not Own Book,A,1
Government,176,66,Not Own Book,F,0
Government,169,84,Own a Book,F,0
Private,63,88,Own a Book,A,1
Government,219,80,Not Own Book,D,1
Government,137,58,Own a Book,F,0
Private,105,89,Own a Book,C,1
Private,50,83,Own a Book,B,1
Government,137,62,Own a Book,F,0
Government,143,77,Own a Book,C,0
Private,74,87,Not Own Book,B,1
Private,85,78,Not Own Book,A,1
Private,120,88,Own a Book,C,1
Government,170,62,Not Own Book,F,0
Government,151,55,Own a Book,D,0
Private,58,81,Own a Book,D,1
Private,50,99,Own a Book,A,1
Government,202,82,Own a Book,F,0
Government,125,50,Not Own Book,F,0
Government,267,68,Own a Book,F,0
Government,189,68,Not Own Book,F,0
Private,80,86,Own a Book,C,1
Private,80,83,Own a Book,F,0
Government,168,77,Not Own Book,C,0
Private,64,94,Own a Book,A,1
Private,50,95,Not Own Book,C,1
Private,66,90,Own a Book,C,1
Government,149,76,Not Own Book,F,0
Government,120,66,Not Own Book,F,0
Government,92,54,Own a Book,F,0
Government,116,53,Not Own Book,D,0
Private,90,82,Not Own Book,B,1
Government,183,67,Own a Book,D,1
Government,157,57,Not Own Book,B,1
Private,83,80,Own a Book,B,1
Government,99,66,Own a Book,B,1
Government,114,78,Own a Book,D,1
Private,79,90,Not Own Book,A,1
Government,104,61,Own a Book,B,1
Private,76,88,Own a Book,B,1
Private,56,78,Own a Book,B,1
Government,75,61,Own a Book,D,0
Government,183,53,Not Own Book,C,1
Private,90,91,Own a Book,A,1
Government,121,67,Not Own Book,F,0
Private,52,86,Own a Book,B,1
Private,50,93,Own a Book,D,1
Government,232,60,Own a Book,D,1
Government,155,74,Not Own Book,C,0
Private,65,99,Not Own Book,D,1
Government,133,60,Own a Book,C,1
Private,50,77,Own a Book,C,1
Private,84,79,Own a Book,F,1
Private,105,90,Own a Book,C,1
Government,114,87,Not Own Book,B,1
Government,257,87,Own a Book,C,1
Government,144,78,Own a Book,F,0
Private,100,94,Own a Book,C,1
Government,163,74,Own a Book,D,1
Government,163,77,Not Own Book,C,1
Private,102,90,Not Own Book,A,1
Government,185,62,Own a Book,F,0
Private,80,99,Not Own Book,B,1
Private,50,97,Own a Book,A,1
Government,82,62,Not Own Book,F,0
Government,170,76,Not Own Book,F,0
Private,97,98,Own a Book,A,1
Private,76,90,Not Own Book,C,1
Private,66,86,Own a Book,F,1
Government,67,84,Not Own Book,A,1
Government,114,72,Not Own Book,D,0
Government,155,63,Own a Book,F,1
Government,111,58,Not Own Book,D,0
Private,60,67,Not Own Book,A,1
Government,147,89,Not Own Book,C,1
Private,96,82,Own a Book,A,1
Government,180,79,Own a Book,D,0
Private,79,81,Own a Book,A,1
Government,158,71,Not Own Book,F,0
Private,83,91,Own a Book,D,1
Private,73,79,Not Own Book,D,1
Government,131,79,Own a Book,D,1
Government,183,68,Own a Book,D,0
Private,71,91,Own a Book,C,1
Private,57,98,Not Own Book,C,1
Government,214,77,Not Own Book,D,0
Private,50,87,Not Own Book,C,1
Private,97,99,Not Own Book,B,1
Government,172,69,Not Own Book,F,0
Private,60,88,Not Own Book,C,1
Private,75,86,Not Own Book,A,1
Government,130,57,Not Own Book,F,0
Private,87,78,Own a Book,A,1
Government,185,64,Own a Book,A,1
Government,170,59,Own a Book,F,0
Government,183,67,Own a Book,C,0
Private,73,93,Own a Book,A,1
Government,229,65,Own a Book,F,0
Government,205,72,Not Own Book,F,0
Government,128,64,Not Own Book,F,0
Private,87,99,Own a Book,A,1
Government,182,85,Not Own Book,F,0
Government,138,67,Not Own Book,F,0
Government,134,72,Own a Book,C,1
Government,204,56,Not Own Book,F,0
Private,74,86,Own a Book,B,1
Government,161,63,Not Own Book,C,1
Private,96,93,Own a Book,A,1
Government,264,60,Not Own Book,B,1
Government,126,86,Not Own Book,D,1
Government,140,69,Own a Book,B,1
Government,153,61,Not Own Book,F,0
Private,76,88,Own a Book,A,1
Private,80,93,Own a Book,C,1
Government,127,75,Not Own Book,C,1
Government,93,71,Not Own Book,C,1
Government,228,78,Own a Book,F,0
Private,84,93,Own a Book,D,1
Government,131,78,Not Own Book,F,0
Government,169,67,Own a Book,B,1
Government,232,67,Not Own Book,D,0
Private,63,86,Not Own Book,F,0
Private,78,84,Own a Book,A,1
Government,87,71,Own a Book,C,1
Private,73,87,Own a Book,A,1
Government,177,86,Not Own Book,A,1
Private,58,84,Own a Book,C,1
Private,72,81,Own a Book,A,1
Government,185,76,Own a Book,F,0
Private,83,88,Own a Book,C,1
Government,97,63,Own a Book,F,1
Government,166,77,Not Own Book,F,0
Government,175,67,Own a Book,F,0
Private,76,98,Own a Book,B,1
Private,91,81,Own a Book,F,1
Government,123,64,Not Own Book,F,0
Government,168,71,Own a Book,B,1
Government,97,83,Not Own Book,C,1
Government,77,62,Not Own Book,C,0
Government,185,73,Own a Book,B,1
Private,75,79,Own a Book,C,1
Government,129,79,Not Own Book,D,0
Government,102,63,Own a Book,F,0
Private,87,92,Own a Book,A,1
Government,82,76,Own a Book,F,0
Government,194,51,Own a Book,F,0
Government,170,72,Not Own Book,F,1
Government,84,64,Not Own Book,F,0
Private,76,91,Own a Book,A,1
Private,114,81,Not Own Book,D,0
Government,203,64,Not Own Book,D,0
Government,112,81,Not Own Book,D,1
Government,182,81,Own a Book,D,1
Private,53,81,Own a Book,A,1
Government,88,87,Own a Book,A,1
Private,73,69,Own a Book,B,1
Government,174,72,Own a Book,D,1
Government,186,57,Own a Book,F,0
Private,87,90,Own a Book,A,1
Private,82,86,Own a Book,A,1
Government,77,59,Not Own Book,F,0
Private,74,82,Own a Book,B,1
Private,89,82,Not Own Book,F,0
Private,81,88,Own a Book,A,1
Private,77,94,Own a Book,C,1
Private,79,99,Own a Book,C,1
Government,164,68,Not Own Book,F,0
Private,50,90,Own a Book,A,1
Government,201,81,Not Own Book,C,1
Private,73,84,Own a Book,A,1
Government,181,62,Not Own Book,F,0
Private,50,99,Own a Book,A,1
Private,99,86,Own a Book,A,1
Private,57,89,Not Own Book,C,1
Private,113,76,Not Own Book,D,1
Private,106,84,Not Own Book,F,0
Government,90,88,Own a Book,D,1
Private,87,91,Own a Book,C,0
Government,104,69,Own a Book,D,0
Private,65,97,Not Own Book,D,0
Private,65,76,Own a Book,A,1
Government,170,65,Not Own Book,D,0
Government,164,92,Not Own Book,B,1
Private,56,87,Own a Book,A,1
Government,169,69,Not Own Book,B,1
Private,71,96,Own a Book,C,1
Government,68,82,Not Own Book,B,1
Government,130,56,Not Own Book,F,0
Government,224,74,Not Own Book,F,0
Private,68,99,Own a Book,A,1
Private,50,83,Own a Book,F,0
Private,87,85,Own a Book,D,1
Private,61,88,Own a Book,A,1
Government,159,76,Own a Book,D,0
Private,72,78,Own a Book,C,1
Private,101,66,Own a Book,D,1
Government,142,72,Not Own Book,D,1
Private,57,96,Own a Book,C,1
Government,128,66,Not Own Book,D,0
Government,94,63,Not Own Book,D,0
Private,71,86,Own a Book,A,1
Private,101,99,Not Own Book,A,1
Government,206,63,Own a Book,F,0
Private,105,91,Own a Book,C,1
Government,171,58,Own a Book,C,1
Private,77,80,Own a Book,A,1
Government,105,78,Not Own Book,F,0
Private,79,99,Own a Book,B,1
Government,144,78,Not Own Book,D,0
Government,185,50,Not Own Book,F,0
Private,58,85,Not Own Book,B,1
Private,75,89,Own a Book,A,1
Private,51,88,Own a Book,B,1
Government,165,50,Not Own Book,D,0
Private,85,78,Own a Book,A,1
Private,50,82,Own a Book,A,1
Government,89,69,Own a Book,C,1
Private,55,74,Own a Book,D,1
Government,142,76,Not Own Book,F,0
Private,54,87,Not Own Book,D,1
Government,212,59,Not Own Book,F,0
Government,169,71,Not Own Book,F,0
Government,176,55,Not Own Book,F,0
Government,78,69,Not Own Book,D,0
Private,94,75,Not Own Book,A,1
Government,179,53,Not Own Book,F,0
Private,64,84,Own a Book,A,1
Private,51,82,Own a Book,C,1
Government,146,73,Not Own Book,D,1
Government,129,69,Own a Book,F,1
Private,68,99,Own a Book,B,1
Private,64,86,Own a Book,C,1
Private,85,65,Own a Book,F,1
Government,60,50,Own a Book,F,0
Private,96,79,Not Own Book,D,0
Government,194,92,Not Own Book,F,0
Private,78,87,Own a Book,B,1
Government,143,81,Not Own Book,F,0
Private,91,95,Own a Book,B,1
Government,148,57,Not Own Book,C,1
Private,70,75,Own a Book,C,1
Government,201,76,Not Own Book,F,0
Government,244,50,Own a Book,B,1
Government,106,79,Own a Book,A,1
Private,81,87,Own a Book,B,1
Government,101,76,Not Own Book,F,0
Private,82,90,Own a Book,A,1
Government,114,73,Own a Book,D,0
Government,204,71,Own a Book,F,0
Private,73,89,Own a Book,A,1
Private,75,88,Own a Book,B,1
Private,99,78,Own a Book,F,0
Private,64,85,Not Own Book,B,1
Government,180,91,Not Own Book,A,1
Government,121,73,Own a Book,C,1
Private,92,95,Own a Book,B,1
Private,101,81,Own a Book,D,0
Private,71,80,Own a Book,C,1
Private,50,79,Own a Book,A,1
Government,119,56,Own a Book,F,0
Private,111,76,Not Own Book,F,0
Government,123,72,Not Own Book,C,1
Government,229,66,Own a Book,F,0
Private,65,94,Own a Book,D,0
Private,65,85,Own a Book,A,1
Private,86,71,Own a Book,D,1
Government,179,74,Not Own Book,F,0
Private,87,73,Own a Book,B,1
Private,75,89,Own a Book,A,1
Government,196,62,Not Own Book,D,0
Government,193,72,Not Own Book,F,0
Private,92,77,Own a Book,F,0
Private,65,93,Own a Book,B,1
Private,90,88,Not Own Book,C,1
Private,67,85,Own a Book,D,1
Private,72,76,Own a Book,A,1
Private,72,99,Own a Book,A,1
Government,105,60,Not Own Book,F,0
Government,71,72,Not Own Book,D,1
Private,93,81,Own a Book,A,1
Government,118,92,Not Own Book,D,0
Government,137,71,Not Own Book,F,0
Private,64,83,Not Own Book,B,1
Private,71,92,Own a Book,C,1
Private,67,93,Not Own Book,A,1
Private,94,90,Own a Book,D,1
Government,123,66,Own a Book,F,0
Government,227,74,Own a Book,D,0
Government,201,68,Not Own Book,D,0
Private,67,87,Own a Book,B,1
Government,164,62,Not Own Book,F,0
Private,82,77,Not Own Book,D,1
Government,187,75,Own a Book,C,1
Private,89,92,Own a Book,A,1
Government,158,82,Own a Book,F,0
Government,107,70,Not Own Book,D,1
Government,178,67,Own a Book,D,1
Private,71,78,Own a Book,A,1
Government,60,69,Own a Book,C,1
Government,167,73,Not Own Book,D,0
Government,116,51,Own a Book,F,0
Private,68,95,Own a Book,B,1
Private,75,83,Own a Book,A,1
Private,51,86,Not Own Book,A,1
Private,77,92,Own a Book,B,1
Private,70,87,Own a Book,B,1
Government,110,84,Own a Book,C,1
Government,152,76,Not Own Book,F,0
Government,73,68,Not Own Book,C,1
Government,153,50,Not Own Book,F,0
Government,171,79,Not Own Book,F,0
Government,163,58,Own a Book,D,1
Private,86,93,Own a Book,D,1
Government,202,74,Not Own Book,A,1
Government,146,68,Not Own Book,F,0
Government,199,79,Own a Book,C,0
Private,73,91,Not Own Book,A,1
Government,118,73,Own a Book,A,1
Private,69,75,Not Own Book,B,1
Private,79,88,Own a Book,B,1
Government,198,57,Own a Book,B,1
Government,150,59,Not Own Book,F,0
Government,119,66,Not Own Book,F,0
Government,214,84,Not Own Book,F,0
Private,53,90,Own a Book,C,1
Government,119,74,Not Own Book,F,0
Government,190,77,Own a Book,D,1
Private,101,81,Own a Book,A,1
Private,82,76,Own a Book,B,1
Private,78,75,Own a Book,B,1
Government,136,72,Not Own Book,D,0
Private,83,94,Own a Book,A,1
Private,76,94,Own a Book,B,1
Government,116,61,Own a Book,B,1
Government,136,83,Not Own Book,D,1
Government,110,90,Own a Book,A,1
Government,150,76,Not Own Book,B,1
Government,157,84,Own a Book,C,1
Government,223,78,Not Own Book,F,0
Private,66,86,Own a Book,D,0
Government,141,63,Not Own Book,F,0
Private,93,76,Own a Book,C,1
Private,102,84,Own a Book,B,1
Private,82,86,Own a Book,B,1
Government,138,67,Not Own Book,D,1
Government,128,68,Not Own Book,D,1
Government,67,50,Own a Book,F,0
Government,108,77,Own a Book,B,1
Government,154,78,Not Own Book,B,1
Private,72,90,Own a Book,D,0
Government,178,58,Not Own Book,D,0
Government,141,73,Not Own Book,F,0
Private,64,88,Own a Book,B,1
Private,80,91,Own a Book,B,1
Private,112,98,Own a Book,B,1
Private,70,86,Own a Book,C,1
Private,77,89,Own a Book,A,1
Government,188,61,Own a Book,F,0
Private,66,94,Not Own Book,B,1
Private,94,92,Own a Book,C,1
Private,51,89,Own a Book,A,1
Private,68,80,Own a Book,D,1
Government,135,63,Not Own Book,D,1
Private,77,75,Not Own Book,F,0
Private,50,83,Own a Book,D,1
Private,95,92,Not Own Book,D,1
Government,168,73,Own a Book,D,1
Government,200,71,Not Own Book,F,0
Government,222,84,Not Own Book,D,1
Government,116,73,Not Own Book,F,0
Private,50,83,Not Own Book,B,1
Government,201,63,Not Own Book,C,1
Private,70,86,Not Own Book,B,1
Private,58,84,Own a Book,A,1
Government,175,79,Own a Book,F,0
Private,111,90,Own a Book,B,1
Private,73,85,Own a Book,C,1
Government,192,67,Not Own Book,F,0
Government,105,77,Own a Book,B,1
Government,74,80,Not Own Book,B,1
Private,88,75,Not Own Book,D,0
Private,83,86,Own a Book,B,1
Government,129,70,Own a Book,F,0
Government,226,75,Own a Book,D,1
Government,70,71,Own a Book,C,1
Private,56,90,Own a Book,B,1
Government,125,67,Not Own Book,D,0
Private,69,82,Own a Book,A,1
Government,215,77,Not Own Book,F,0
Private,75,93,Own a Book,A,1
Government,141,76,Own a Book,C,1
Private,55,93,Own a Book,A,1
Government,198,60,Not Own Book,F,0
Government,98,64,Not Own Book,C,1
Private,55,95,Own a Book,A,1
Private,68,90,Own a Book,A,1
Private,77,88,Own a Book,C,1
Government,117,67,Own a Book,D,1
Private,85,96,Own a Book,B,1
Private,70,75,Own a Book,D,0
Private,90,90,Own a Book,D,0
Private,82,87,Own a Book,A,1
Private,101,79,Own a Book,B,1
Government,130,86,Not Own Book,C,1
Private,87,69,Own a Book,C,1
Private,50,88,Own a Book,A,1
Private,118,91,Own a Book,F,0
Private,86,81,Own a Book,C,1
Private,70,89,Own a Book,A,1
Government,138,67,Not Own Book,D,0
Private,71,94,Own a Book,A,1
Private,102,99,Own a Book,A,1
Government,190,73,Own a Book,D,0
Private,68,92,Own a Book,B,1
Government,94,60,Not Own Book,F,0
Government,203,72,Own a Book,D,0
Government,187,66,Not Own Book,D,0
Government,181,77,Not Own Book,F,0
Private,73,78,Own a Book,A,1
Private,70,80,Own a Book,C,1
Private,100,96,Not Own Book,A,1
Private,101,89,Not Own Book,B,1
Government,178,83,Own a Book,F,0
Private,89,90,Own a Book,A,1
Government,160,75,Not Own Book,F,0
Private,54,85,Own a Book,C,1
Private,60,86,Own a Book,A,1
Private,92,94,Own a Book,A,1
Government,207,68,Own a Book,F,0
Government,197,81,Own a Book,F,0
Private,80,87,Own a Book,B,1
Government,199,58,Not Own Book,F,0
Government,147,57,Not Own Book,F,0
Government,177,68,Own a Book,B,1
Private,71,94,Own a Book,C,1
Private,59,83,Own a Book,C,1
Private,87,93,Own a Book,B,1
Private,94,88,Own a Book,B,1
Government,261,76,Own a Book,F,0
Private,78,85,Own a Book,B,1
Private,59,89,Not Own Book,C,1
Government,135,79,Not Own Book,B,1
Government,143,69,Own a Book,D,1
Private,77,84,Own a Book,C,1
Private,82,75,Own a Book,C,1
Government,166,75,Own a Book,C,1
Government,184,62,Own a Book,F,0
Private,77,84,Own a Book,F,0
Private,50,80,Own a Book,B,1
Government,160,67,Own a Book,D,1
Government,153,90,Own a Book,A,1
Private,83,90,Own a Book,A,1
Private,69,83,Own a Book,D,1
Government,160,65,Not Own Book,D,1
Private,83,77,Own a Book,F,0
Private,72,80,Own a Book,A,1
Government,180,57,Not Own Book,F,0
Government,153,72,Own a Book,C,1
Government,157,74,Own a Book,F,0
Government,60,70,Not Own Book,D,1
Private,57,90,Own a Book,C,1
Private,57,82,Own a Book,A,1
Government,159,58,Own a Book,D,0
Private,94,79,Own a Book,C,1
Government,144,58,Not Own Book,F,0
Private,87,90,Not Own Book,D,0
Government,179,90,Own a Book,A,1
Private,77,80,Own a Book,D,1
Government,175,66,Not Own Book,C,0
Private,78,89,Own a Book,A,1
Government,143,67,Own a Book,C,0
Government,167,73,Own a Book,D,1
Government,215,64,Not Own Book,D,0
Private,82,83,Not Own Book,C,1
Government,159,68,Not Own Book,F,0
Government,110,73,Own a Book,C,0
Private,96,96,Own a Book,A,1
Private,53,90,Own a Book,B,1
Government,73,67,Not Own Book,A,1
Government,166,78,Not Own Book,B,1
Private,61,95,Own a Book,C,1
Government,199,66,Not Own Book,F,1
Government,74,68,Not Own Book,F,0
Private,89,85,Not Own Book,A,1
Government,186,78,Not Own Book,F,0
Government,155,70,Own a Book,D,1
Private,50,78,Own a Book,B,1
Government,72,74,Not Own Book,D,1
Government,160,84,Own a Book,D,1
Private,71,98,Own a Book,D,0
Government,182,65,Not Own Book,F,0
Government,146,63,Own a Book,D,0
Private,72,99,Own a Book,A,1
Private,50,98,Own a Book,A,1
Government,187,74,Own a Book,D,1
Government,120,52,Own a Book,C,1
Government,132,63,Not Own Book,F,0
Government,101,59,Own a Book,B,1
Government,80,88,Not Own Book,C,1
Private,97,77,Own a Book,C,1
Private,86,99,Own a Book,A,1
Government,186,68,Own a Book,F,0
Private,71,79,Own a Book,D,0
Private,50,94,Own a Book,C,1
Private,106,92,Own a Book,A,1
Private,81,79,Own a Book,B,1
Private,77,87,Not Own Book,C,1
Government,133,83,Own a Book,A,1
Government,60,65,Own a Book,B,1
Government,201,86,Own a Book,D,1
Private,59,82,Own a Book,A,1
Government,174,53,Own a Book,F,0
Government,184,70,Own a Book,F,0
Government,165,55,Own a Book,D,0
Government,171,71,Not Own Book,D,0
Government,210,70,Own a Book,D,1
Government,114,62,Not Own Book,D,0
Government,157,88,Not Own Book,F,0
Private,71,87,Own a Book,C,1
Private,50,94,Own a Book,B,1
Government,162,79,Not Own Book,F,0
Government,206,87,Own a Book,B,1
Government,211,57,Not Own Book,B,1
Private,102,75,Own a Book,D,0
Private,50,99,Not Own Book,C,1
Government,223,75,Not Own Book,F,0
Private,77,88,Own a Book,C,1
Government,222,68,Own a Book,F,0
Private,69,85,Own a Book,A,1
Private,67,94,Not Own Book,B,1
Government,95,55,Not Own Book,F,0
Government,184,74,Not Own Book,D,1
Private,82,95,Own a Book,A,1
Private,58,93,Own a Book,A,1
Government,60,69,Not Own Book,C,1
Private,81,87,Not Own Book,C,1
Private,82,96,Own a Book,F,0
Private,60,92,Own a Book,A,1
Government,96,87,Own a Book,C,1
Government,179,52,Own a Book,C,1
Private,102,94,Not Own Book,F,0
Private,67,82,Own a Book,A,1
Private,61,87,Own a Book,A,1
Government,163,83,Not Own Book,B,1
Government,178,59,Own a Book,C,1
Government,133,91,Own a Book,C,1
Government,241,81,Not Own Book,F,0
Government,190,75,Not Own Book,D,0
Government,132,60,Own a Book,B,1
Private,51,86,Own a Book,A,1
Government,209,66,Own a Book,F,0
Government,203,57,Own a Book,F,0
Government,136,80,Not Own Book,F,0
Government,165,65,Not Own Book,F,0
Government,143,68,Not Own Book,F,0
Private,82,87,Not Own Book,F,0
Government,103,67,Not Own Book,A,1
Private,57,91,Own a Book,F,1
Government,186,63,Own a Book,F,0
Government,192,80,Not Own Book,F,0
Government,127,64,Not Own Book,F,0
Government,116,69,Own a Book,D,1
Private,92,78,Own a Book,D,1
Government,117,80,Not Own Book,F,0
Private,75,97,Not Own Book,A,1
Government,146,77,Not Own Book,F,0
Government,83,71,Not Own Book,B,1
Government,158,69,Not Own Book,D,0
Government,154,54,Own a Book,C,0
Government,166,56,Not Own Book,F,0
Private,77,93,Not Own Book,B,1
Government,246,68,Not Own Book,F,0
Private,92,78,Own a Book,C,1
Government,151,55,Not Own Book,F,0
Government,155,76,Own a Book,B,1
Private,101,94,Own a Book,C,1
Government,188,54,Not Own Book,F,0
Private,56,89,Not Own Book,A,1
Private,89,90,Not Own Book,F,0
Private,93,83,Own a Book,A,1
Private,99,96,Not Own Book,D,1
Private,68,85,Own a Book,D,1
Government,128,52,Own a Book,F,0
Government,107,68,Not Own Book,F,0
Private,79,97,Own a Book,A,1
Government,182,66,Own a Book,F,1
Government,126,59,Own a Book,C,1
Government,143,76,Own a Book,D,0
Private,50,89,Own a Book,A,1
Government,217,69,Own a Book,B,1
Government,79,74,Own a Book,A,1
Private,80,83,Own a Book,F,0
Private,78,83,Own a Book,A,1
Government,152,77,Not Own Book,D,0
Government,153,60,Not Own Book,D,0
Private,59,99,Not Own Book,A,1
Government,135,82,Not Own Book,A,1
Private,89,79,Own a Book,B,1
Government,206,84,Own a Book,D,0
Private,68,89,Own a Book,D,1
Government,79,83,Not Own Book,B,1
Private,63,88,Own a Book,B,1
Private,102,86,Not Own Book,C,1
Private,64,86,Own a Book,C,1
Government,145,50,Own a Book,D,1
Private,96,94,Not Own Book,D,1
Government,126,62,Not Own Book,F,0
Private,72,94,Not Own Book,A,1
Government,185,86,Not Own Book,C,1
Government,227,64,Own a Book,F,0
Government,120,63,Own a Book,D,0
Government,212,80,Own a Book,D,0
Private,70,84,Own a Book,A,1
Private,61,97,Own a Book,A,1
Private,78,83,Own a Book,C,1
Private,57,98,Not Own Book,B,1
Government,171,66,Not Own Book,F,0
Private,120,90,Own a Book,C,1
Private,91,94,Own a Book,F,0
Private,73,91,Own a Book,D,0
Private,90,95,Own a Book,B,1
Private,61,77,Own a Book,F,0
Government,115,65,Not Own Book,C,1
Government,146,70,Not Own Book,F,0
Private,76,82,Own a Book,B,1
Government,91,79,Not Own Book,A,1
Private,70,84,Own a Book,A,1
Government,143,62,Not Own Book,F,0
Private,98,94,Own a Book,B,1
Government,91,59,Own a Book,F,0
Government,87,60,Not Own Book,F,0
Government,157,75,Not Own Book,D,0
Government,201,83,Not Own Book,D,0
Private,83,89,Own a Book,D,1
Private,79,76,Own a Book,B,1
Government,137,76,Not Own Book,F,0
Government,180,64,Not Own Book,D,0
Private,87,95,Not Own Book,A,1
Private,71,85,Not Own Book,B,1
Private,60,96,Own a Book,A,1
Private,60,85,Own a Book,A,1
Government,189,63,Own a Book,C,1
Government,80,50,Own a Book,F,0
Private,100,83,Not Own Book,C,1
Private,68,89,Not Own Book,B,1
Private,79,88,Own a Book,A,1
Private,85,92,Own a Book,B,1
Government,119,82,Own a Book,D,1
Government,129,70,Own a Book,B,1
Government,155,70,Not Own Book,A,1
Government,111,81,Not Own Book,F,0
Private,58,89,Not Own Book,B,1
Government,105,60,Own a Book,C,0
Government,204,64,Not Own Book,F,0
Government,167,50,Own a Book,F,0
Private,63,81,Not Own Book,B,1
Government,189,53,Not Own Book,C,1
Private,63,90,Own a Book,C,1
Government,62,82,Not Own Book,B,1
Private,85,81,Own a Book,B,1
Government,224,60,Own a Book,F,0
Government,175,79,Not Own Book,F,0
Government,65,65,Own a Book,D,0
Government,148,72,Not Own Book,F,0
Government,137,77,Not Own Book,F,0
Private,80,83,Not Own Book,C,1
Government,111,63,Own a Book,C,1
Private,69,84,Own a Book,B,1
Government,86,54,Own a Book,F,0
Government,159,74,Own a Book,C,1
Private,54,92,Own a Book,A,1
Government,169,70,Not Own Book,D,0
Government,116,83,Not Own Book,A,1
Private,50,86,Not Own Book,B,1
Government,185,76,Own a Book,F,0
Government,172,74,Own a Book,C,1
Government,210,62,Own a Book,B,1
Government,60,81,Own a Book,B,1
Government,120,71,Own a Book,B,1
Private,76,94,Own a Book,A,1
Government,175,56,Not Own Book,F,0
Government,84,71,Not Own Book,F,0
Government,169,65,Not Own Book,B,1
Government,124,61,Not Own Book,D,0
Government,66,84,Own a Book,C,0
Government,116,71,Not Own Book,F,0
Private,82,77,Own a Book,F,0
Private,50,84,Own a Book,A,1
Government,178,79,Own a Book,C,1
Government,162,61,Own a Book,A,1
Government,138,60,Not Own Book,F,0
Government,76,68,Not Own Book,B,1
Private,51,91,Not Own Book,A,1
Government,132,62,Own a Book,F,0
Government,99,73,Not Own Book,F,0
Private,69,88,Own a Book,C,1
Private,88,89,Not Own Book,B,1
Private,70,71,Own a Book,C,1
Private,70,88,Own a Book,A,1
Government,136,67,Not Own Book,C,1
Private,90,90,Own a Book,A,1
Private,94,83,Own a Book,D,1
Government,168,66,Own a Book,C,1
Government,156,75,Not Own Book,F,0
Government,160,84,Not Own Book,A,1
Private,96,78,Own a Book,C,1
Private,82,91,Not Own Book,A,1
Government,218,82,Own a Book,F,0
Private,68,92,Own a Book,B,1
Private,54,96,Own a Book,A,1
Government,119,64,Not Own Book,B,1
Private,66,96,Own a Book,A,1
Private,99,82,Own a Book,C,1
Private,86,88,Own a Book,C,1
Government,121,64,Not Own Book,C,1
Private,87,84,Not Own Book,A,1
Private,73,75,Own a Book,A,1
Government,223,50,Not Own Book,F,0
Government,134,81,Not Own Book,C,1
Private,51,75,Own a Book,B,1
Government,141,72,Not Own Book,D,0
Private,70,78,Own a Book,D,1
Government,89,61,Own a Book,C,1
Government,176,76,Not Own Book,D,0
Private,96,89,Own a Book,C,1
Private,58,87,Own a Book,C,1
Government,193,81,Own a Book,D,0
Private,65,85,Not Own Book,A,1
Private,74,96,Own a Book,A,1
Government,144,59,Own a Book,F,0
Government,148,58,Not Own Book,F,0
Private,82,87,Own a Book,B,1
Private,59,88,Own a Book,A,1
Private,94,81,Own a Book,D,1
Government,172,67,Not Own Book,F,0
Government,187,83,Own a Book,D,1
Government,114,66,Not Own Book,C,1
Private,58,74,Own a Book,A,1
Government,203,52,Not Own Book,A,1
Private,57,99,Own a Book,C,1
Government,156,84,Not Own Book,F,0
Private,90,84,Own a Book,C,1
Private,73,93,Own a Book,C,1
Private,92,89,Own a Book,B,1
Government,137,82,Own a Book,D,0
Government,92,59,Own a Book,C,1
Government,166,59,Not Own Book,F,0
Private,77,97,Own a Book,A,1
Private,115,77,Own a Book,B,1
Private,60,88,Own a Book,C,1
Government,138,69,Not Own Book,F,0
Private,64,93,Not Own Book,D,1
Government,143,71,Not Own Book,D,0
Government,141,68,Not Own Book,C,1
Private,61,85,Not Own Book,C,1
Private,82,81,Not Own Book,D,1
Private,71,86,Own a Book,B,1
Private,95,96,Not Own Book,C,1
Government,120,67,Not Own Book,F,0
Government,233,84,Own a Book,F,1
Private,79,93,Own a Book,B,1
Government,207,74,Not Own Book,F,0
Government,155,68,Not Own Book,F,0
Private,63,83,Own a Book,A,1
Government,138,86,Not Own Book,D,0
Government,87,77,Own a Book,F,0
Private,73,87,Own a Book,C,1
Private,77,99,Own a Book,C,1
Government,152,76,Not Own Book,C,1
Government,209,55,Not Own Book,F,0
Private,72,85,Own a Book,A,1
Government,64,77,Not Own Book,F,0
Government,300,85,Own a Book,D,0
Private,64,99,Own a Book,A,1
Government,193,70,Own a Book,F,0
Government,82,76,Own a Book,D,0
Government,161,63,Not Own Book,F,0
Government,114,61,Own a Book,F,0
Government,60,53,Not Own Book,D,1
Private,70,90,Own a Book,A,1
Government,147,82,Own a Book,F,0
Government,140,77,Own a Book,B,1
Private,78,88,Own a Book,A,1
Government,137,82,Own a Book,F,0
Private,76,99,Own a Book,B,1
Government,157,61,Not Own Book,F,0
Government,148,50,Own a Book,F,0
Government,142,73,Not Own Book,C,1
Private,61,95,Own a Book,B,1
Government,176,54,Not Own Book,D,1
Private,70,93,Own a Book,C,1
Private,69,85,Own a Book,C,1
Government,173,73,Own a Book,F,0
Government,159,60,Not Own Book,F,0
Private,64,81,Own a Book,B,1
Private,93,80,Not Own Book,D,0
Private,57,92,Not Own Book,A,1
Government,103,63,Own a Book,D,1
Private,85,89,Own a Book,C,1
Government,228,70,Not Own Book,F,0
Private,66,79,Not Own Book,A,1
Private,81,88,Own a Book,A,1
Private,57,89,Own a Book,A,1
Private,61,95,Not Own Book,D,1
Government,200,84,Own a Book,F,0
Government,166,59,Not Own Book,F,0
Government,202,73,Not Own Book,F,1
Government,198,50,Not Own Book,D,0
Government,60,78,Own a Book,B,1
Private,57,95,Own a Book,A,1
Government,162,50,Own a Book,F,0
Private,50,85,Not Own Book,B,1
Government,102,61,Not Own Book,F,0
Private,96,85,Not Own Book,B,1
Government,125,64,Not Own Book,F,0
Government,181,69,Own a Book,A,1
Government,148,79,Not Own Book,D,0
Government,119,66,Own a Book,C,1
Government,75,60,Not Own Book,A,1
Private,78,86,Own a Book,C,1
Government,215,67,Not Own Book,F,0
Government,120,69,Not Own Book,D,0
Government,153,63,Own a Book,B,1
Private,52,90,Own a Book,D,1
Government,119,82,Not Own Book,D,0
Private,80,79,Own a Book,A,1
Government,183,74,Not Own Book,D,0
Government,175,79,Own a Book,C,1
Private,50,84,Own a Book,A,1
Government,129,82,Own a Book,D,1
Government,106,69,Own a Book,D,0
Government,136,58,Not Own Book,F,0
Government,144,57,Own a Book,F,0
Government,197,77,Not Own Book,F,0
Private,79,92,Own a Book,A,1
Government,213,85,Not Own Book,C,1
Private,64,92,Own a Book,C,1
Government,86,69,Own a Book,D,0
Government,215,74,Not Own Book,A,1
Private,81,88,Not Own Book,F,0
Government,116,66,Own a Book,A,1
Private,81,84,Own a Book,C,1
Government,187,52,Own a Book,C,1
Government,155,62,Own a Book,F,1
Private,64,87,Own a Book,A,1
Government,130,50,Own a Book,D,0
Government,163,64,Not Own Book,F,0
Government,158,79,Own a Book,C,1
Private,93,97,Own a Book,C,1
Government,137,64,Not Own Book,C,1
Government,106,64,Not Own Book,C,1
Government,265,62,Not Own Book,F,0
Private,77,84,Own a Book,B,1
Government,187,81,Not Own Book,A,1
Private,82,99,Not Own Book,B,1
Government,158,53,Not Own Book,D,1
Government,139,61,Not Own Book,D,1
Private,50,74,Own a Book,D,0
Government,102,69,Own a Book,C,1
Private,79,84,Own a Book,B,1
Private,50,90,Own a Book,A,1
Government,153,76,Not Own Book,F,0
Government,179,75,Own a Book,F,0
Private,87,76,Own a Book,C,1
Private,83,87,Own a Book,B,1
Private,89,76,Own a Book,F,0
Government,222,87,Own a Book,F,0
Government,199,66,Not Own Book,D,0
Government,158,56,Own a Book,F,0
Private,72,84,Not Own Book,D,1
Private,76,89,Not Own Book,A,1
Private,70,93,Own a Book,A,1
Private,91,97,Own a Book,C,1
Government,175,70,Own a Book,F,0
Government,132,66,Not Own Book,D,1
Government,209,76,Own a Book,D,0
Private,70,92,Own a Book,A,1
Government,107,71,Not Own Book,B,1
Government,149,78,Own a Book,D,1
Government,112,63,Own a Book,C,1
Government,192,69,Not Own Book,F,0
Government,111,50,Own a Book,A,1
Private,73,97,Own a Book,C,1
Private,89,84,Own a Book,C,1
Government,117,83,Own a Book,C,1
Private,81,83,Own a Book,C,1
Private,60,90,Own a Book,A,1
Government,160,70,Not Own Book,F,0
Government,175,63,Not Own Book,D,0
Government,148,74,Not Own Book,C,1
Government,151,82,Own a Book,C,1
Government,169,87,Own a Book,A,1
Government,137,77,Not Own Book,F,0
Private,88,79,Own a Book,D,1
Government,211,55,Not Own Book,F,0
Government,108,81,Not Own Book,C,1
Private,101,81,Own a Book,C,0
Government,136,76,Own a Book,D,1
Government,239,71,Own a Book,F,0
Government,136,83,Not Own Book,D,0
Private,85,91,Own a Book,D,1
Government,181,69,Not Own Book,F,0
Government,132,90,Not Own Book,A,1
Government,153,78,Not Own Book,F,0
Government,214,75,Not Own Book,F,0
Government,135,63,Own a Book,A,1
Private,68,79,Own a Book,C,1
Private,57,86,Own a Book,D,1
Private,98,77,Own a Book,D,1
Private,67,85,Not Own Book,D,0
Private,92,93,Own a Book,B,1
Private,65,94,Own a Book,D,1
Private,92,85,Own a Book,B,1
Government,186,92,Own a Book,B,1
Private,71,96,Own a Book,F,0
Government,116,69,Not Own Book,D,0
Private,65,95,Own a Book,F,0
Government,120,64,Own a Book,D,1
Private,90,89,Own a Book,A,1
Government,157,66,Own a Book,F,0
Government,99,57,Own a Book,C,1
Private,71,91,Own a Book,A,1
Government,144,69,Own a Book,B,1
Private,50,88,Own a Book,B,1
Government,141,69,Not Own Book,D,1
Private,85,81,Own a Book,D,1
Government,143,85,Not Own Book,B,1
Government,161,72,Own a Book,B,1
Private,82,86,Not Own Book,B,1
Private,69,78,Own a Book,C,1
Government,182,84,Own a Book,F,0
Private,96,94,Not Own Book,D,0
Private,52,88,Own a Book,C,1
Government,134,57,Not Own Book,F,0
Government,254,86,Own a Book,D,0
Government,157,66,Not Own Book,F,0
Private,74,83,Own a Book,A,1
Government,138,69,Own a Book,C,0
Government,207,73,Own a Book,F,0
Private,60,86,Own a Book,C,1
Private,88,65,Own a Book,B,1
Government,137,72,Own a Book,F,0
Government,116,79,Not Own Book,D,1
Private,71,81,Not Own Book,D,1
Government,147,85,Own a Book,A,1
Government,127,78,Own a Book,B,1
Private,91,91,Not Own Book,B,1
Government,116,59,Own a Book,F,0
Government,156,72,Not Own Book,F,0
Private,83,90,Not Own Book,D,0
Government,155,69,Not Own Book,F,0
Government,184,78,Own a Book,C,1
Private,68,85,Own a Book,C,1
Government,178,67,Own a Book,A,1
Private,84,83,Not Own Book,C,1
Private,89,84,Not Own Book,D,1
Government,65,68,Own a Book,D,0
Government,172,68,Not Own Book,F,0
Government,190,67,Not Own Book,F,0
Government,131,79,Own a Book,B,1
Government,125,85,Own a Book,F,0
Private,64,79,Own a Book,A,1
Government,103,84,Not Own Book,C,1
Private,84,92,Not Own Book,A,1
Private,109,81,Not Own Book,C,1
Government,124,66,Own a Book,F,0
Private,68,89,Own a Book,C,1
Government,150,53,Not Own Book,C,1
Government,77,69,Not Own Book,D,0
Government,118,75,Not Own Book,B,1
Government,147,62,Not Own Book,D,1
Government,109,55,Not Own Book,D,0
Private,92,89,Own a Book,C,1
Private,55,99,Own a Book,A,1
Government,190,62,Not Own Book,F,0
Private,97,83,Own a Book,A,1
Government,167,67,Not Own Book,F,0
Government,143,85,Own a Book,C,1
Government,161,53,Not Own Book,F,0
Private,68,93,Own a Book,B,1
Private,50,84,Own a Book,B,1
Private,60,85,Not Own Book,C,1
Private,74,80,Own a Book,C,1
Government,107,67,Not Own Book,D,1
Private,68,81,Own a Book,A,1
Government,171,64,Not Own Book,F,0
Private,77,70,Own a Book,A,1
Government,197,52,Not Own Book,F,0
Government,163,73,Own a Book,F,0
Government,165,82,Own a Book,B,1
Government,117,92,Own a Book,D,1
Government,90,79,Not Own Book,D,0
Government,131,64,Own a Book,D,1
Government,117,50,Own a Book,D,1
Government,142,75,Own a Book,C,1
Private,59,77,Own a Book,C,1
Private,87,82,Own a Book,A,1
Government,117,78,Not Own Book,B,1
Government,133,72,Own a Book,F,0
Government,149,60,Not Own Book,D,1
Private,91,76,Own a Book,C,1
Private,101,89,Own a Book,A,1
Private,102,90,Own a Book,B,1
Private,55,98,Own a Book,A,1
Government,133,50,Own a Book,C,0
Private,66,88,Own a Book,B,1
Government,166,79,Own a Book,F,0
Government,163,65,Not Own Book,D,0
Private,66,76,Own a Book,C,1
Private,65,81,Own a Book,F,0
Government,105,70,Own a Book,B,1
Government,60,65,Own a Book,A,1
Private,55,90,Own a Book,B,1
Government,189,82,Not Own Book,C,1
Government,215,66,Not Own Book,F,0
Government,210,82,Own a Book,F,0
Government,190,68,Not Own Book,F,0
Private,59,90,Own a Book,C,1
Government,96,68,Not Own Book,D,0
Private,50,90,Own a Book,C,1
Private,66,91,Not Own Book,A,1
Private,76,92,Own a Book,C,1
Private,59,88,Not Own Book,A,1
Government,169,50,Own a Book,F,0
Private,84,92,Own a Book,A,1
Government,128,50,Own a Book,C,0
Government,89,63,Not Own Book,D,0
Government,212,50,Not Own Book,F,0
Private,75,99,Own a Book,A,1
Government,237,74,Not Own Book,D,0
Private,76,85,Own a Book,C,1
Private,77,97,Own a Book,C,1
Private,60,91,Own a Book,A,1
Private,68,88,Not Own Book,C,1
Government,79,73,Not Own Book,D,1
Government,89,66,Own a Book,B,1
Government,183,57,Own a Book,F,0
Government,137,79,Own a Book,D,0
Government,130,69,Not Own Book,C,1
Private,63,75,Own a Book,B,1
Government,132,75,Not Own Book,D,0
Private,91,88,Own a Book,A,1
Private,77,99,Own a Book,A,1
Private,57,89,Own a Book,C,1
Government,196,58,Not Own Book,F,0
Government,227,52,Own a Book,F,0
Private,82,96,Not Own Book,D,1
Government,190,69,Own a Book,D,0
Government,204,61,Not Own Book,F,0
Private,50,82,Own a Book,A,1
Private,102,97,Own a Book,B,1
Private,91,91,Not Own Book,B,1
Government,171,80,Own a Book,B,1
Private,73,89,Own a Book,C,1
Private,54,82,Own a Book,B,1
Government,135,87,Own a Book,A,1
Government,170,66,Not Own Book,F,0
Private,58,93,Own a Book,A,1
Government,146,80,Not Own Book,D,1
Government,96,70,Not Own Book,C,1
Government,132,58,Own a Book,F,0
Government,89,63,Not Own Book,B,1
Government,84,76,Not Own Book,F,0
Private,80,91,Own a Book,C,1
Private,66,97,Own a Book,A,1
Government,128,81,Not Own Book,B,1
Government,121,60,Own a Book,F,0
Government,272,84,Not Own Book,C,1
Private,84,80,Own a Book,B,1
Private,85,92,Own a Book,B,1
Private,63,99,Not Own Book,B,1
Government,172,73,Own a Book,B,1
Government,139,52,Not Own Book,D,0
Government,114,66,Own a Book,D,0
Government,236,91,Not Own Book,D,0
Government,175,67,Not Own Book,D,0
Government,173,83,Not Own Book,B,1
Government,106,60,Own a Book,B,1
Government,92,66,Own a Book,C,0
Private,74,86,Own a Book,D,1
Private,66,99,Own a Book,B,1
Government,177,66,Own a Book,D,1
Government,180,51,Not Own Book,C,0
Government,152,92,Not Own Book,F,0
Government,187,72,Own a Book,F,0
Private,77,92,Own a Book,B,1
Government,110,53,Not Own Book,C,0
Government,141,72,Not Own Book,F,0
Government,156,70,Not Own Book,C,0
Private,88,81,Own a Book,D,1
Government,160,76,Not Own Book,D,1
Private,66,76,Not Own Book,C,1
Government,193,60,Own a Book,F,0
Government,167,82,Not Own Book,D,0
Government,219,62,Not Own Book,F,0
Government,153,65,Own a Book,D,0
Private,59,88,Own a Book,A,1
Government,202,66,Not Own Book,D,1
Private,66,92,Own a Book,D,1
Government,163,71,Not Own Book,B,1
Government,158,54,Own a Book,D,1
Government,152,62,Not Own Book,F,0
Government,142,61,Not Own Book,D,1
Private,50,84,Not Own Book,D,1
Private,59,88,Own a Book,A,1
Private,91,90,Own a Book,A,1
Government,169,50,Not Own Book,F,0
Private,103,95,Own a Book,B,1
Private,59,87,Not Own Book,F,0
Government,148,58,Own a Book,F,0
Government,202,79,Own a Book,A,1
Private,66,73,Own a Book,D,1
Government,128,54,Not Own Book,D,0
Government,136,91,Not Own Book,C,1
Government,129,71,Not Own Book,F,0
Private,82,82,Own a Book,B,1
Government,69,71,Own a Book,F,0
Government,223,68,Not Own Book,F,0
Private,60,88,Own a Book,A,1
Government,60,74,Not Own Book,B,1
Government,149,68,Own a Book,D,1
Government,133,73,Not Own Book,D,0
Government,141,68,Own a Book,A,1
Government,164,61,Not Own Book,D,0
Private,84,80,Own a Book,F,0
Private,100,97,Not Own Book,D,1
Private,64,92,Own a Book,A,1
Private,86,95,Own a Book,A,1
Private,85,88,Own a Book,A,1
Government,60,72,Not Own Book,C,1
Government,112,68,Own a Book,F,0
Government,92,81,Own a Book,B,1
Government,170,66,Not Own Book,F,0
Government,165,60,Not Own Book,D,0
Private,80,91,Own a Book,B,1
Private,70,86,Own a Book,C,1
Government,140,72,Not Own Book,F,0
Private,74,92,Own a Book,C,1
Private,68,83,Own a Book,B,1
Government,184,67,Own a Book,C,1
Private,58,85,Own a Book,D,1
Private,63,97,Not Own Book,D,1
Government,155,70,Not Own Book,D,0
Private,69,89,Own a Book,B,1
Private,58,79,Not Own Book,C,1
Private,82,93,Own a Book,A,1
Government,124,74,Own a Book,D,0
Private,62,82,Own a Book,A,1
Private,72,99,Own a Book,A,1
Government,109,73,Not Own Book,C,0
Government,148,63,Own a Book,F,0
Government,133,69,Not Own Book,B,1
Government,126,66,Own a Book,D,1
Government,127,85,Own a Book,C,1
Government,194,79,Own a Book,B,1
Government,166,74,Own a Book,D,1
Private,50,99,Own a Book,B,1
Private,88,80,Own a Book,F,0
Government,173,77,Not Own Book,C,0
Government,170,75,Not Own Book,D,1
Government,189,67,Not Own Book,C,0
Private,75,86,Not Own Book,D,1
Government,177,79,Not Own Book,F,0
Private,68,93,Own a Book,A,1
Private,87,78,Own a Book,A,1
Government,159,88,Not Own Book,F,0
Private,54,95,Own a Book,C,1
Private,90,86,Own a Book,B,1
Private,73,82,Own a Book,D,0
Government,137,81,Own a Book,B,1
Government,130,74,Own a Book,C,0
Government,133,77,Own a Book,C,1
Private,78,91,Own a Book,A,1
Government,105,82,Own a Book,F,1
Private,51,93,Not Own Book,B,1
Government,102,64,Own a Book,B,1
Private,80,83,Own a Book,B,1
Government,142,73,Own a Book,D,1
Government,200,92,Not Own Book,B,1
Government,147,68,Not Own Book,F,0
Private,87,90,Own a Book,C,1
Private,64,94,Own a Book,B,1
Private,68,85,Own a Book,C,1
Private,75,93,Own a Book,B,1
Government,143,70,Own a Book,D,0
Government,139,82,Own a Book,B,1
Government,110,60,Not Own Book,D,0
Private,51,99,Own a Book,B,1
Government,178,66,Not Own Book,C,1
Private,82,91,Own a Book,B,1
Private,65,88,Own a Book,D,1
Government,167,59,Not Own Book,F,0
Private,72,93,Not Own Book,C,1
Private,91,86,Own a Book,C,1
Private,55,91,Not Own Book,C,1
Government,144,61,Not Own Book,B,1
Private,71,86,Own a Book,A,1
Private,77,85,Own a Book,A,1
Private,98,91,Own a Book,A,1
Government,144,73,Own a Book,C,1
Government,183,68,Own a Book,D,0
Private,72,85,Own a Book,A,1
Private,91,90,Not Own Book,C,1
Government,183,71,Own a Book,F,0
Government,135,71,Own a Book,B,1
Private,68,99,Own a Book,C,1
Private,82,91,Own a Book,A,1
Private,65,99,Not Own Book,A,1
Private,77,87,Own a Book,A,1
Government,133,69,Not Own Book,C,0
Government,166,64,Own a Book,D,1
Private,72,90,Own a Book,A,1
Private,64,85,Own a Book,D,1
Private,91,84,Own a Book,D,1
Government,160,50,Not Own Book,F,0
Government,147,84,Not Own Book,C,1
Government,168,66,Not Own Book,F,0
Government,74,84,Not Own Book,D,1
Private,106,87,Own a Book,A,1
Private,75,92,Own a Book,C,1
Government,61,70,Not Own Book,B,1
Government,203,74,Not Own Book,D,0
Private,63,80,Not Own Book,A,1
Government,196,81,Not Own Book,C,1
Private,76,85,Own a Book,C,1
Government,79,79,Not Own Book,A,1
Private,78,77,Not Own Book,C,1
Government,158,62,Own a Book,C,1
Private,92,90,Not Own Book,B,1
Government,173,68,Not Own Book,D,1
Government,94,74,Not Own Book,C,1
Government,195,72,Not Own Book,B,1
Private,68,99,Own a Book,C,1
Private,100,91,Own a Book,A,1
Government,134,65,Not Own Book,F,0
Private,71,85,Own a Book,B,1
Private,62,96,Own a Book,C,1
Private,67,77,Not Own Book,F,0
Private,63,91,Own a Book,C,0
Government,202,58,Own a Book,D,0
Government,90,81,Not Own Book,D,0
Government,186,65,Own a Book,D,1
Private,87,91,Own a Book,B,1
Private,95,88,Own a Book,B,1
Government,151,56,Own a Book,C,0
Government,103,76,Own a Book,A,1
Government,142,62,Not Own Book,D,1
Government,176,78,Own a Book,F,0
Private,76,80,Own a Book,D,1
Private,80,89,Not Own Book,B,1
Government,211,70,Not Own Book,D,1
Government,176,63,Own a Book,F,0
Government,158,83,Not Own Book,B,1
Private,50,88,Own a Book,A,1
Private,63,85,Own a Book,A,1
Private,68,90,Not Own Book,A,1
Government,61,55,Not Own Book,D,1
Private,58,99,Own a Book,A,1
Private,70,80,Own a Book,B,1
Government,145,75,Not Own Book,F,0
Private,82,88,Own a Book,C,1
Government,140,81,Own a Book,C,1
Government,161,71,Own a Book,B,1
Government,131,63,Not Own Book,B,0
Government,151,51,Own a Book,D,0
Private,81,75,Own a Book,C,1
Private,97,86,Not Own Book,C,1
Government,126,83,Not Own Book,C,1
Private,77,76,Own a Book,B,1
Private,88,99,Own a Book,C,1
Private,53,95,Own a Book,B,1
Government,239,56,Not Own Book,D,0
Private,92,80,Not Own Book,A,1
Government,72,60,Own a Book,F,0
Government,166,72,Not Own Book,C,1
Government,124,69,Own a Book,A,1
Private,69,87,Own a Book,C,1
Private,80,84,Own a Book,C,1
Government,197,71,Own a Book,F,0
Private,68,93,Own a Book,C,1
Private,68,87,Own a Book,C,1
Government,166,63,Own a Book,C,0
Government,175,79,Not Own Book,D,0
Private,59,86,Own a Book,A,1
Government,227,75,Own a Book,F,0
Government,121,69,Not Own Book,B,1
Government,193,80,Own a Book,C,1
Government,170,82,Own a Book,C,1
Private,84,96,Own a Book,A,1
Private,65,84,Own a Book,A,1
Private,50,84,Own a Book,D,1
Government,149,78,Not Own Book,F,0
Private,74,87,Own a Book,B,1
Private,60,87,Own a Book,C,1
Government,191,63,Not Own Book,F,0
Private,74,97,Own a Book,A,1
Private,62,95,Own a Book,C,1
Private,83,87,Own a Book,B,1
Government,177,63,Own a Book,C,1
Private,64,83,Own a Book,A,1
Government,205,71,Own a Book,D,0
Private,108,90,Own a Book,C,1
Government,100,61,Not Own Book,D,1
Government,141,57,Not Own Book,D,1
Private,80,88,Own a Book,A,1
Private,109,94,Own a Book,C,1
Government,116,70,Own a Book,D,0
Government,107,67,Not Own Book,D,1
Government,107,58,Own a Book,D,0
Government,204,63,Own a Book,C,1
Government,118,78,Not Own Book,F,0
Government,111,57,Own a Book,B,1
Government,160,87,Not Own Book,B,1
Government,163,70,Own a Book,D,0
Government,198,54,Not Own Book,F,0
Government,154,75,Not Own Book,F,0
Private,78,91,Own a Book,D,1
Government,145,65,Not Own Book,F,0
Private,55,94,Own a Book,B,1
Government,141,63,Not Own Book,C,0
Government,152,76,Not Own Book,D,1
Government,130,69,Not Own Book,C,1
Private,51,86,Own a Book,A,1
Government,98,83,Own a Book,A,1
Private,74,94,Not Own Book,A,1
Private,88,80,Own a Book,A,1
Government,225,73,Own a Book,C,0
Government,141,88,Own a Book,B,1
Government,117,83,Not Own Book,B,1
Private,69,81,Own a Book,C,1
Private,59,99,Not Own Book,A,1
Government,185,79,Not Own Book,F,0
Private,107,80,Not Own Book,B,1
Private,64,89,Own a Book,C,1
Private,57,91,Own a Book,B,1
Private,90,80,Own a Book,D,1
Government,164,77,Not Own Book,A,1
Private,80,99,Own a Book,A,1
Private,98,97,Own a Book,A,1
Government,88,71,Not Own Book,F,0
Private,54,86,Own a Book,A,1
Government,142,73,Own a Book,B,1
Private,75,81,Own a Book,A,1
Private,69,84,Own a Book,D,1
Private,111,74,Own a Book,D,0
Private,70,91,Own a Book,A,1
Government,125,66,Not Own Book,F,0
Government,155,76,Not Own Book,D,1
Government,193,71,Not Own Book,B,1
Private,64,80,Own a Book,D,1
Government,143,72,Not Own Book,D,0
Government,194,62,Own a Book,F,0
Government,197,86,Own a Book,C,1
Government,159,61,Not Own Book,B,1
Private,111,84,Own a Book,F,0
Government,239,59,Not Own Book,D,1
Government,86,58,Own a Book,B,1
Government,73,70,Not Own Book,A,1
Private,86,79,Own a Book,D,1
Government,211,68,Not Own Book,F,0
Government,139,74,Not Own Book,C,1
Private,67,85,Own a Book,B,1
Private,62,72,Own a Book,C,1
Government,97,83,Own a Book,B,1
Private,92,89,Not Own Book,F,1
Private,69,89,Not Own Book,C,1
Private,79,86,Own a Book,C,1
Government,67,78,Not Own Book,B,1
Private,90,94,Own a Book,D,1
Government,176,80,Not Own Book,B,1
Private,54,89,Own a Book,A,1
Private,78,78,Own a Book,F,0
Private,75,90,Not Own Book,D,1
Private,68,89,Own a Book,A,1
Private,50,84,Own a Book,D,1
Government,120,61,Not Own Book,D,1
Government,163,75,Not Own Book,D,1
Government,125,69,Own a Book,A,1
Government,140,66,Own a Book,D,1
Private,97,99,Own a Book,C,1
Private,73,92,Not Own Book,B,1
Government,60,74,Not Own Book,A,1
Government,141,82,Not Own Book,B,1
Government,154,73,Own a Book,D,0
Private,62,83,Own a Book,A,1
Private,86,85,Own a Book,B,1
Government,84,77,Not Own Book,B,1
Private,72,92,Not Own Book,C,1
Government,83,74,Own a Book,A,1
Government,136,58,Not Own Book,F,0
Government,181,78,Not Own Book,C,1
Private,72,87,Own a Book,F,0
Private,71,92,Own a Book,A,1
Private,75,82,Not Own Book,A,1
Government,153,89,Own a Book,F,1
Private,85,89,Not Own Book,F,0
Government,181,65,Own a Book,B,1
Government,213,76,Own a Book,B,1
Government,157,78,Own a Book,C,1
Private,50,92,Not Own Book,D,1
Private,87,81,Own a Book,F,1
Private,95,95,Not Own Book,A,1
Government,260,66,Not Own Book,F,0
Private,96,87,Own a Book,B,1
Government,127,50,Not Own Book,F,0
Private,77,84,Own a Book,A,1
Government,137,65,Not Own Book,D,0
Government,131,74,Own a Book,F,1
Private,73,84,Own a Book,A,1
Private,94,76,Own a Book,D,1
Private,51,89,Not Own Book,B,1
Government,104,67,Own a Book,B,1
Government,204,62,Not Own Book,F,0
Government,215,70,Not Own Book,F,1
Government,120,52,Own a Book,F,0
Government,224,76,Own a Book,F,0
Government,193,68,Own a Book,D,0
Private,70,86,Not Own Book,B,1
Government,60,79,Not Own Book,D,1
Government,74,64,Own a Book,C,1
Government,120,72,Not Own Book,F,0
Government,184,68,Own a Book,F,0
Private,86,99,Own a Book,C,1
Private,68,91,Not Own Book,D,1
Private,71,80,Not Own Book,B,1
Government,148,87,Own a Book,D,1
Private,71,95,Own a Book,D,1
Government,157,70,Not Own Book,F,0
Government,148,65,Not Own Book,F,0
Private,50,78,Own a Book,C,1
Government,140,74,Not Own Book,D,0
Government,148,63,Own a Book,D,0
Private,89,81,Own a Book,A,1
Private,62,93,Own a Book,C,1
Government,159,85,Not Own Book,B,1
Private,83,84,Own a Book,D,0
Private,72,93,Not Own Book,D,0
Government,71,72,Not Own Book,D,1
Government,195,73,Own a Book,C,1
Private,86,82,Not Own Book,B,1
Private,78,86,Own a Book,A,1
Private,75,80,Own a Book,C,1
Private,50,79,Not Own Book,B,1
Private,86,91,Own a Book,B,1
Government,216,64,Not Own Book,D,1
Private,58,81,Not Own Book,D,0
Private,95,79,Own a Book,B,1
Government,200,54,Own a Book,F,0
Private,57,74,Own a Book,C,1
Private,69,88,Not Own Book,D,0
Private,54,69,Own a Book,A,1
Private,74,91,Own a Book,A,1
Private,81,91,Own a Book,C,1
Private,55,87,Own a Book,B,1
Private,80,88,Not Own Book,B,1
Private,84,86,Own a Book,C,1
Government,179,72,Not Own Book,C,1
Private,81,89,Own a Book,B,1
Private,56,97,Own a Book,A,1
Private,73,98,Own a Book,F,0
Government,165,85,Not Own Book,D,1
Private,96,82,Own a Book,D,0
Private,75,93,Own a Book,D,1
Government,169,75,Own a Book,D,1
Private,61,83,Own a Book,C,1
Private,57,81,Own a Book,D,1
Private,55,85,Own a Book,A,1
Government,131,59,Own a Book,F,1
Government,242,56,Not Own Book,F,0
Government,131,74,Not Own Book,B,1
Government,166,70,Not Own Book,D,0
Government,175,70,Own a Book,F,1
Private,58,94,Own a Book,A,1
Private,68,86,Own a Book,B,1
Private,84,93,Own a Book,C,1
Government,169,62,Own a Book,C,0
Private,50,82,Own a Book,B,1
Government,176,70,Own a Book,D,0
Government,125,91,Not Own Book,A,1
Government,126,82,Not Own Book,F,0
Government,168,80,Not Own Book,F,0
Government,218,56,Not Own Book,F,0
Government,140,71,Own a Book,C,1
Private,92,93,Own a Book,D,1
Government,85,90,Not Own Book,C,1
Government,155,53,Own a Book,B,1
Private,66,93,Own a Book,C,1
Government,162,80,Not Own Book,D,0
Government,136,74,Own a Book,C,1
Government,89,56,Not Own Book,F,0
Government,110,72,Not Own Book,C,1
Private,50,91,Not Own Book,C,1
Private,55,89,Not Own Book,A,1
Government,171,63,Own a Book,F,1
Government,138,61,Not Own Book,F,0
Government,160,74,Own a Book,D,1
Private,102,83,Own a Book,D,1
Government,136,63,Own a Book,A,1
Private,84,87,Own a Book,B,1
Government,151,71,Not Own Book,F,0
Private,116,95,Own a Book,A,1
Private,50,79,Own a Book,A,1
Government,117,57,Own a Book,F,0
Government,179,66,Not Own Book,D,1
Government,116,51,Own a Book,F,1
Government,175,75,Not Own Book,F,0
Government,147,50,Not Own Book,F,0
Government,188,77,Not Own Book,B,1
Private,58,95,Own a Book,A,1
Government,157,72,Own a Book,A,1
Private,81,74,Own a Book,A,1
Government,155,71,Not Own Book,D,0
Government,156,62,Not Own Book,F,0
Government,204,57,Own a Book,C,1
Government,74,75,Own a Book,D,1
Government,155,77,Own a Book,D,1
Private,56,96,Own a Book,D,0
Government,184,67,Own a Book,C,1
Private,62,89,Own a Book,F,0
Private,50,99,Not Own Book,C,1
Government,185,90,Own a Book,F,0
Private,70,95,Own a Book,A,1
Private,80,85,Own a Book,C,1
Government,214,70,Not Own Book,D,0
Government,166,68,Not Own Book,C,0
Government,157,77,Not Own Book,F,0
Private,74,82,Own a Book,A,1
Government,98,73,Own a Book,C,1
Government,140,73,Not Own Book,A,1
Private,104,90,Own a Book,A,1
Government,133,59,Own a Book,F,0
Government,142,72,Own a Book,F,1
Government,206,87,Not Own Book,D,0
Private,51,84,Own a Book,A,1
Private,84,89,Not Own Book,C,1
Government,78,51,Not Own Book,F,0
Private,80,89,Own a Book,A,1
Government,148,72,Not Own Book,C,1
Private,84,88,Own a Book,B,1
Government,104,77,Not Own Book,C,1
Government,125,67,Not Own Book,C,1
Private,84,96,Own a Book,B,1
Private,67,81,Not Own Book,A,1
Government,183,84,Own a Book,C,1
Government,159,72,Not Own Book,B,1
Government,129,69,Not Own Book,B,1
Private,70,77,Own a Book,D,1
Government,150,58,Own a Book,C,1
Government,140,73,Own a Book,A,1
Government,182,62,Own a Book,F,0
Government,133,79,Not Own Book,F,0
Government,124,72,Own a Book,B,1
Government,190,55,Not Own Book,F,0
Government,131,77,Own a Book,A,1
Government,125,68,Own a Book,B,1
Government,60,69,Own a Book,A,1
Government,103,80,Own a Book,B,1
Government,112,56,Not Own Book,F,0
Private,66,80,Own a Book,B,1
Private,64,90,Own a Book,A,1
Private,89,76,Not Own Book,D,1
Private,63,83,Not Own Book,A,1
Government,118,79,Not Own Book,C,1
Government,157,68,Not Own Book,F,0
Private,58,78,Own a Book,A,1
Private,98,89,Own a Book,D,1
Government,186,65,Own a Book,C,1
Government,97,62,Own a Book,C,1
Private,90,99,Own a Book,B,1
Government,204,75,Not Own Book,F,0
Government,98,67,Not Own Book,D,0
Private,57,94,Not Own Book,B,1
Government,122,67,Own a Book,C,1
Private,53,84,Own a Book,A,1
Private,63,90,Own a Book,C,1
Government,131,75,Not Own Book,F,0
Government,172,79,Not Own Book,D,1
Government,153,84,Own a Book,D,0
Government,143,81,Own a Book,F,0
Government,128,78,Not Own Book,D,0
Government,91,79,Own a Book,C,1
Private,83,96,Own a Book,C,1
Private,83,92,Own a Book,D,0
Government,122,54,Own a Book,C,1
Government,100,74,Not Own Book,A,1
Private,98,97,Own a Book,D,0
Government,161,61,Not Own Book,C,0
Government,167,66,Own a Book,F,0
Government,169,69,Not Own Book,D,1
Government,95,71,Not Own Book,C,1
Government,217,64,Not Own Book,F,0
Government,131,70,Not Own Book,D,1
Private,87,91,Own a Book,D,1
Private,96,73,Own a Book,F,0
Government,153,70,Own a Book,D,1
Government,96,66,Not Own Book,F,0
Government,60,52,Not Own Book,C,1
Private,74,91,Own a Book,B,1
Government,161,73,Own a Book,F,1
Private,66,89,Own a Book,C,1
Government,156,76,Own a Book,C,1
Private,81,90,Own a Book,C,1
Private,89,82,Own a Book,B,1
Private,71,93,Not Own Book,C,1
Government,147,78,Own a Book,F,0
Government,141,59,Not Own Book,D,0
Private,75,94,Own a Book,B,1
Government,126,67,Not Own Book,F,0
Private,67,92,Own a Book,A,1
Government,129,71,Not Own Book,D,0
Private,77,86,Own a Book,A,1
Government,111,75,Own a Book,F,0
Government,129,66,Not Own Book,F,0
Government,231,80,Own a Book,C,0
Private,88,96,Own a Book,A,1
Private,60,84,Own a Book,D,0
Private,87,86,Own a Book,A,1
Private,84,85,Own a Book,B,0
Government,145,73,Own a Book,B,1
Government,118,83,Not Own Book,C,1
Government,113,53,Not Own Book,F,0
Government,160,55,Own a Book,F,0
Private,62,87,Own a Book,A,1
Government,199,71,Not Own Book,A,1
Government,212,60,Own a Book,F,0
Private,74,89,Not Own Book,C,0
Private,92,82,Own a Book,B,1
Government,131,65,Not Own Book,F,0
Private,64,96,Not Own Book,B,1
Government,199,66,Own a Book,D,0
Government,221,66,Own a Book,A,1
Government,238,71,Not Own Book,C,1
Government,164,80,Not Own Book,D,0
Private,87,87,Own a Book,A,1
Government,163,64,Own a Book,F,0
Government,213,75,Own a Book,F,1
Government,169,78,Own a Book,D,1
Government,186,81,Not Own Book,B,1
Private,57,87,Own a Book,A,1
Government,139,74,Not Own Book,D,1
Private,87,93,Own a Book,B,1
Government,182,71,Own a Book,F,0
Government,190,83,Own a Book,B,1
Government,155,76,Own a Book,B,1
Private,65,99,Own a Book,A,1
Government,147,79,Own a Book,C,1
Government,152,50,Not Own Book,F,0
Government,160,66,Not Own Book,D,1
Private,60,76,Own a Book,B,1
Private,71,83,Not Own Book,F,0
Private,73,85,Not Own Book,C,1
Private,50,94,Not Own Book,D,1
Private,87,84,Not Own Book,C,1
Private,77,97,Own a Book,A,1
Government,161,63,Not Own Book,F,0
Government,126,67,Own a Book,D,1
Private,83,79,Own a Book,C,1
Government,112,84,Not Own Book,C,1
Private,64,99,Own a Book,A,1
Private,84,87,Own a Book,A,1
Private,80,77,Own a Book,A,1
Private,55,86,Own a Book,F,0
Government,220,72,Own a Book,F,0
Government,115,63,Not Own Book,B,1
Private,73,99,Not Own Book,A,1
Private,101,99,Not Own Book,A,1
Private,50,75,Not Own Book,A,1
Government,73,58,Own a Book,A,1
Private,81,91,Not Own Book,A,1
Government,60,59,Own a Book,F,0
Government,60,71,Not Own Book,D,1
Government,202,70,Own a Book,F,0
Government,131,69,Not Own Book,D,0
Private,107,95,Own a Book,D,1
Private,59,99,Own a Book,A,1
Government,135,73,Not Own Book,F,0
Government,174,57,Not Own Book,D,0
Private,82,89,Own a Book,B,1
Government,138,64,Own a Book,F,0
Government,120,89,Not Own Book,D,1
Private,78,92,Own a Book,A,1
Government,211,74,Not Own Book,F,0
Government,184,76,Own a Book,D,0
Government,121,69,Not Own Book,F,0
Private,60,96,Own a Book,A,1
Government,118,64,Own a Book,D,1
Government,92,79,Not Own Book,F,0
Government,156,85,Not Own Book,D,0
Private,87,82,Not Own Book,D,1
Government,146,73,Not Own Book,D,1
Government,227,74,Not Own Book,F,0
Government,229,59,Not Own Book,F,0
Government,163,56,Own a Book,B,1
Private,85,81,Own a Book,C,1
Government,109,69,Own a Book,C,0
Private,69,90,Not Own Book,B,1
Government,207,66,Own a Book,C,1
Government,123,89,Not Own Book,D,0
Private,97,95,Own a Book,A,1
Government,200,74,Own a Book,F,0
Government,183,65,Own a Book,F,0
Private,57,88,Own a Book,B,1
Private,70,95,Own a Book,A,1
Government,178,79,Not Own Book,F,0
Government,105,79,Not Own Book,C,1
Government,141,66,Not Own Book,F,0
Government,183,64,Not Own Book,C,0
Private,66,78,Not Own Book,F,0
Government,111,75,Not Own Book,F,0
Private,50,77,Own a Book,D,1
Private,69,87,Not Own Book,B,1
Government,184,65,Own a Book,F,0
Private,61,89,Own a Book,B,1
Private,75,96,Own a Book,C,1
Government,139,83,Not Own Book,C,1
Private,65,92,Own a Book,A,1
Government,187,62,Not Own Book,D,0
Government,223,69,Not Own Book,F,0
Private,90,81,Own a Book,F,0
Government,118,63,Not Own Book,C,1
Government,239,74,Not Own Book,B,1
Government,195,60,Own a Book,D,1
Government,129,65,Own a Book,B,1
Government,115,59,Own a Book,F,0
Private,91,92,Own a Book,B,1
Government,157,66,Not Own Book,F,0
Private,62,72,Own a Book,D,1
Government,143,86,Not Own Book,F,0
Government,131,80,Not Own Book,D,1
Private,62,73,Own a Book,A,1
Private,90,93,Own a Book,D,1
Government,185,85,Not Own Book,C,1
Private,87,86,Own a Book,B,1
Private,87,89,Own a Book,A,1
Private,61,85,Own a Book,A,1
Government,122,75,Not Own Book,D,1
Private,96,95,Own a Book,C,1
Government,154,58,Own a Book,C,0
Private,52,83,Not Own Book,A,1
Private,78,88,Own a Book,A,1
Government,179,73,Own a Book,F,0
Government,173,74,Own a Book,F,1
Government,107,68,Not Own Book,B,1
Private,103,81,Own a Book,C,1
Private,52,94,Own a Book,B,1
Private,76,79,Not Own Book,A,1
Private,101,84,Own a Book,B,1
Private,83,88,Own a Book,C,1
Government,187,74,Not Own Book,D,1
Government,102,67,Not Own Book,F,0
Government,165,77,Own a Book,C,1
Private,74,96,Not Own Book,D,1
Private,58,83,Own a Book,F,0
Government,188,73,Not Own Book,D,0
Private,62,89,Own a Book,B,1
Government,118,66,Not Own Book,D,1
Government,169,50,Own a Book,F,0
Government,143,73,Own a Book,F,0
Government,157,74,Own a Book,A,1
Private,71,95,Own a Book,B,1
Government,213,66,Not Own Book,F,0
Private,61,83,Not Own Book,B,1
Private,68,81,Own a Book,F,0
Government,171,50,Own a Book,F,0
Private,60,85,Own a Book,B,1
Private,59,99,Own a Book,A,1
Private,77,96,Not Own Book,A,1
Government,189,60,Not Own Book,D,0
Private,89,84,Not Own Book,B,1
Government,154,64,Not Own Book,F,0
Private,64,97,Own a Book,D,1
Private,79,99,Own a Book,A,1
Government,175,70,Not Own Book,D,1
Government,161,72,Not Own Book,D,1
Private,93,91,Own a Book,C,1
Government,104,69,Own a Book,B,1
Private,64,89,Own a Book,D,1
Government,199,70,Not Own Book,C,1
Private,52,91,Own a Book,A,1
Government,125,50,Not Own Book,F,0
Private,64,84,Own a Book,F,0
Government,79,58,Not Own Book,F,1
Government,141,76,Own a Book,A,1
Government,183,62,Own a Book,F,0
Private,77,77,Own a Book,A,1
Private,86,75,Own a Book,B,1
Private,92,91,Own a Book,A,1
Private,69,81,Own a Book,D,0
Private,114,87,Own a Book,C,1
Private,69,99,Own a Book,B,1
Government,140,73,Own a Book,C,1
Private,64,84,Own a Book,A,1
Government,174,58,Not Own Book,F,0
Government,136,74,Not Own Book,F,0
Private,73,87,Own a Book,C,1
Government,140,75,Not Own Book,C,0
Private,71,71,Own a Book,A,1
Government,157,81,Own a Book,F,0
Government,129,52,Not Own Book,F,0
Government,131,65,Not Own Book,F,0
Government,198,83,Own a Book,F,0
Government,136,50,Own a Book,D,0
Private,80,87,Not Own Book,A,1
Government,109,67,Own a Book,F,0
Private,68,87,Own a Book,A,1
Private,56,90,Own a Book,D,0
Government,233,70,Not Own Book,C,0
Government,211,56,Own a Book,D,0
Private,83,88,Not Own Book,A,1
Private,107,87,Own a Book,D,1
Private,86,87,Own a Book,B,1
Private,72,99,Own a Book,D,0
Private,80,97,Own a Book,A,1
Private,95,99,Own a Book,D,1
Government,110,73,Not Own Book,C,1
Private,57,99,Own a Book,A,1
Government,168,61,Not Own Book,C,1
Private,66,85,Own a Book,C,1
Government,60,64,Not Own Book,F,1
Government,94,65,Own a Book,C,1
Private,70,88,Own a Book,B,1
Government,152,72,Not Own Book,C,1
Government,153,74,Not Own Book,C,1
Private,105,99,Own a Book,A,1
Government,140,54,Not Own Book,D,0
Government,162,57,Not Own Book,D,1
Government,76,50,Own a Book,A,1
Private,74,82,Own a Book,B,1
Private,80,84,Own a Book,D,0
Private,54,83,Own a Book,A,1
Private,60,80,Own a Book,C,1
Private,82,88,Own a Book,A,1
Private,66,85,Own a Book,D,1
Government,145,61,Own a Book,C,1
Government,174,71,Not Own Book,D,1
Private,105,83,Not Own Book,C,1
Government,140,81,Not Own Book,D,0
Government,229,68,Own a Book,B,1
Government,61,66,Not Own Book,C,1
Private,77,89,Own a Book,A,1
Government,134,50,Own a Book,C,1
Private,67,96,Not Own Book,A,1
Government,179,77,Not Own Book,F,1
Private,71,82,Own a Book,C,1
Private,50,80,Own a Book,A,1
Government,78,59,Own a Book,A,1
Government,182,55,Own a Book,F,0
Government,76,53,Not Own Book,C,0
Government,183,55,Own a Book,F,0
Private,76,69,Not Own Book,D,1
Government,142,66,Not Own Book,F,0
Private,73,87,Not Own Book,F,0
Government,173,82,Not Own Book,F,0
Government,97,79,Not Own Book,F,0
Government,151,62,Not Own Book,F,0
Government,98,67,Own a Book,C,1
Government,157,81,Not Own Book,B,1
Private,84,84,Own a Book,B,1
Private,77,89,Own a Book,D,1
Government,177,63,Not Own Book,F,0
Government,118,70,Not Own Book,D,0
Private,74,88,Not Own Book,A,1
Government,139,66,Own a Book,D,0
Government,136,80,Not Own Book,F,0
Government,113,61,Not Own Book,F,0
Government,130,71,Own a Book,B,1
Government,99,87,Own a Book,B,1
Government,73,73,Own a Book,C,1
Private,64,82,Not Own Book,A,1
Private,84,90,Own a Book,D,1
Private,78,99,Own a Book,A,1
Private,56,88,Own a Book,C,1
Government,131,77,Not Own Book,D,1
Private,85,88,Not Own Book,C,1
Private,68,89,Own a Book,A,1
Government,86,69,Not Own Book,F,0
Private,108,80,Own a Book,A,1
Private,72,90,Own a Book,B,1
Private,57,79,Not Own Book,D,1
Private,77,85,Own a Book,F,1
Government,146,89,Own a Book,B,1
Private,51,87,Own a Book,A,1
Government,154,60,Not Own Book,F,0
Private,89,89,Not Own Book,C,1
Government,139,64,Not Own Book,F,0
Government,60,71,Not Own Book,F,0
Government,165,58,Not Own Book,D,0
Private,84,93,Own a Book,B,1
Private,66,88,Own a Book,B,1
Government,123,59,Not Own Book,F,0
Government,251,73,Not Own Book,F,0
Private,65,99,Own a Book,A,1
Government,99,62,Own a Book,D,1
Government,151,77,Not Own Book,F,0
Private,83,90,Own a Book,B,1
Private,82,90,Own a Book,D,1
Private,50,94,Own a Book,C,1
Private,65,86,Own a Book,C,1
Private,92,89,Own a Book,D,0
Private,79,88,Own a Book,C,1
Private,56,82,Own a Book,A,1
Private,93,91,Own a Book,A,1
Private,89,85,Not Own Book,D,1
Government,136,88,Own a Book,D,1
Government,189,64,Own a Book,A,1
Government,239,56,Not Own Book,F,0
Private,59,95,Own a Book,B,1
Government,174,62,Not Own Book,F,0
Private,104,79,Own a Book,C,1
Private,84,90,Own a Book,B,1
Private,63,97,Own a Book,C,1
Government,160,77,Own a Book,B,1
Government,211,64,Not Own Book,F,0
Government,104,71,Not Own Book,B,1
Government,148,67,Not Own Book,D,1
Government,139,86,Not Own Book,D,1
Private,65,84,Not Own Book,F,0
Government,160,70,Not Own Book,F,0
Private,73,89,Not Own Book,B,1
Private,84,79,Own a Book,F,1
Private,92,86,Own a Book,F,0
Government,92,68,Not Own Book,D,0
Government,153,83,Not Own Book,F,0
Government,147,71,Not Own Book,C,1
Private,78,85,Not Own Book,D,1
Government,149,68,Not Own Book,D,1
Private,60,87,Own a Book,B,1
Private,96,87,Not Own Book,C,1
Private,103,94,Own a Book,B,1
Private,83,94,Not Own Book,A,1
Government,176,60,Not Own Book,F,0
Private,76,95,Own a Book,B,1
Private,89,93,Not Own Book,C,1
Private,50,87,Own a Book,B,1
Government,149,55,Not Own Book,F,0
Government,124,72,Not Own Book,D,0
Government,156,66,Own a Book,D,0
Private,91,91,Own a Book,A,1
Private,75,92,Own a Book,A,1
Private,69,97,Not Own Book,B,1
Government,86,59,Own a Book,D,0
Private,73,99,Own a Book,A,1
Private,85,94,Not Own Book,C,1
Government,112,77,Not Own Book,D,0
Government,60,89,Not Own Book,D,0
Government,252,73,Not Own Book,F,0
Private,80,95,Own a Book,A,1
Government,140,71,Own a Book,D,0
Government,212,78,Own a Book,D,1
Government,156,81,Not Own Book,F,0
Private,94,95,Own a Book,C,1
Government,206,54,Not Own Book,D,0
Government,92,65,Own a Book,C,0
Government,170,81,Not Own Book,B,1
Government,227,74,Not Own Book,F,0
Government,105,69,Not Own Book,A,1
Government,105,75,Own a Book,D,1
Private,62,80,Own a Book,A,1
Private,88,93,Own a Book,F,0
Private,79,90,Own a Book,D,1
Government,62,70,Not Own Book,A,1
Government,165,68,Own a Book,D,0
Private,71,89,Own a Book,B,1
Government,144,67,Not Own Book,F,0
Private,62,85,Own a Book,D,0
Private,80,99,Own a Book,A,1
Government,197,54,Own a Book,F,0
Private,65,77,Own a Book,B,1
Private,50,93,Own a Book,A,1
Private,70,79,Own a Book,B,1
Private,86,73,Own a Book,B,1
Government,131,80,Own a Book,D,1
Government,82,82,Not Own Book,B,1
Private,86,78,Own a Book,A,1
Private,96,75,Own a Book,C,1
Private,75,79,Not Own Book,B,1
Government,77,63,Own a Book,F,0
Private,70,99,Own a Book,D,1
Private,77,84,Not Own Book,A,1
Government,113,78,Own a Book,F,0
Government,176,77,Own a Book,F,0
Private,61,97,Own a Book,D,1
Private,75,83,Own a Book,A,1
Government,139,69,Not Own Book,D,0
Government,177,67,Own a Book,F,0
Private,74,91,Own a Book,A,1
Government,141,82,Own a Book,B,1
Government,113,91,Not Own Book,C,1
Government,151,66,Own a Book,D,0
Private,71,88,Own a Book,B,1
Government,110,78,Own a Book,B,1
Government,157,76,Own a Book,D,0
Government,166,87,Not Own Book,F,1
Government,134,68,Not Own Book,F,0
Government,191,66,Not Own Book,F,0
Private,78,97,Not Own Book,C,1
Government,92,73,Not Own Book,D,1
Private,95,91,Own a Book,D,0
Private,86,87,Own a Book,A,1
Government,195,79,Not Own Book,F,0
Private,81,81,Own a Book,C,1
Private,50,84,Own a Book,A,1
Private,91,69,Own a Book,C,1
Private,75,83,Own a Book,C,1
Government,165,79,Own a Book,F,0
Private,83,88,Own a Book,B,1
Government,237,60,Not Own Book,F,0
Private,66,98,Own a Book,A,1
Government,126,71,Not Own Book,F,0
Private,62,99,Own a Book,D,0
Government,101,78,Own a Book,B,1
Private,59,89,Not Own Book,D,1
Government,66,88,Own a Book,A,1
Government,169,66,Not Own Book,C,1
Government,239,59,Not Own Book,F,0
Government,242,85,Not Own Book,D,0
Government,111,76,Not Own Book,C,1
Government,137,83,Own a Book,A,1
Government,205,78,Not Own Book,F,0
Private,81,99,Own a Book,A,1
Government,156,64,Not Own Book,F,0
Government,138,68,Own a Book,D,0
Government,203,68,Not Own Book,F,0
Private,58,86,Own a Book,B,1
Government,171,54,Not Own Book,D,0
Government,165,71,Not Own Book,F,0
Private,75,93,Own a Book,D,1
Government,185,63,Not Own Book,F,0
Government,151,60,Not Own Book,D,0
Private,66,87,Own a Book,B,1
Government,154,77,Own a Book,B,1
Private,51,80,Own a Book,D,0
Government,177,92,Own a Book,C,1
Government,189,57,Not Own Book,F,0
Government,120,64,Own a Book,F,0
Government,109,81,Own a Book,D,1
Private,65,94,Not Own Book,D,1
Government,147,78,Not Own Book,D,0
Private,78,83,Own a Book,C,1
Private,99,84,Own a Book,B,1
Government,217,61,Own a Book,D,1
Government,187,66,Not Own Book,D,0
Government,155,73,Not Own Book,D,1
Government,108,61,Own a Book,D,0
Government,225,52,Own a Book,B,1
Private,71,96,Own a Book,B,1
Private,79,86,Own a Book,A,1
Government,178,77,Own a Book,B,1
Private,75,85,Not Own Book,B,1
Government,201,75,Own a Book,D,1
Private,81,99,Own a Book,A,1
Government,194,58,Not Own Book,F,0
Government,170,62,Not Own Book,C,1
Private,74,81,Own a Book,C,1
Private,76,99,Own a Book,A,1
Government,147,69,Not Own Book,F,0
Government,92,78,Own a Book,D,0
Government,104,50,Not Own Book,F,0
Government,183,73,Own a Book,C,1
Government,93,66,Not Own Book,C,0
Government,131,83,Not Own Book,F,0
Private,59,92,Own a Book,B,1
Government,129,65,Own a Book,F,0
Private,72,99,Own a Book,B,1
Government,131,86,Not Own Book,B,1
Private,53,98,Own a Book,B,1
Government,141,77,Own a Book,F,0
Private,60,86,Own a Book,A,1
Government,121,72,Not Own Book,D,1
Private,86,85,Own a Book,D,0
Government,192,72,Not Own Book,F,0
Government,91,64,Not Own Book,F,0
Government,220,68,Own a Book,B,1
Government,127,91,Not Own Book,B,1
Private,65,90,Not Own Book,D,0
Private,61,84,Not Own Book,B,1
Government,152,58,Own a Book,C,1
Private,104,87,Own a Book,A,1
Private,51,93,Own a Book,C,1
Private,50,88,Own a Book,C,1
Private,79,87,Own a Book,B,1
Government,175,74,Own a Book,B,1
Private,75,90,Own a Book,C,0
Private,83,92,Own a Book,B,1
Government,99,77,Own a Book,D,1
Private,60,87,Own a Book,D,1
Private,76,87,Own a Book,A,1
Private,101,88,Own a Book,D,0
Private,83,91,Own a Book,A,1
Private,84,95,Own a Book,F,0
Government,101,66,Not Own Book,F,0
Government,169,68,Own a Book,C,0
Private,57,82,Own a Book,D,0
Government,229,55,Not Own Book,C,1
Government,104,57,Not Own Book,F,0
Private,63,80,Own a Book,F,1
Private,52,83,Own a Book,B,1
Private,76,91,Own a Book,A,1
Government,151,59,Own a Book,C,1
Private,97,88,Own a Book,C,1
Private,86,93,Own a Book,A,1
Government,114,61,Not Own Book,D,0
Private,88,84,Own a Book,D,0
Government,94,56,Not Own Book,F,0
Government,117,60,Own a Book,F,0
Private,76,97,Not Own Book,D,0
Government,99,75,Not Own Book,B,1
Government,197,91,Own a Book,C,1
Private,109,82,Own a Book,B,1
Government,136,85,Not Own Book,F,0
Government,120,62,Not Own Book,F,0
Government,144,64,Not Own Book,F,0
Government,124,92,Not Own Book,A,1
Government,161,61,Own a Book,D,0
Government,90,85,Own a Book,F,0
Government,164,69,Own a Book,C,0
Government,236,59,Not Own Book,F,0
Private,50,77,Own a Book,B,1
Government,97,71,Own a Book,D,0
Government,129,58,Own a Book,D,0
Private,83,85,Not Own Book,C,1
Government,190,50,Not Own Book,D,0
Government,186,73,Own a Book,B,1
Government,73,54,Not Own Book,D,0
Government,119,69,Own a Book,F,0
Government,109,56,Own a Book,D,0
Private,74,96,Own a Book,C,1
Private,75,73,Own a Book,D,0
Government,88,67,Own a Book,B,1
Private,68,91,Own a Book,C,1
Government,176,73,Not Own Book,F,0
Government,121,57,Not Own Book,D,1
Government,140,52,Not Own Book,F,0
Private,100,93,Not Own Book,A,1
Government,239,68,Own a Book,F,0
Private,50,80,Own a Book,B,1
Private,76,93,Own a Book,A,1
Government,281,64,Not Own Book,F,0
Private,82,83,Own a Book,B,1
Government,150,61,Own a Book,B,1
Private,94,82,Own a Book,B,1
Private,78,82,Own a Book,C,1
Private,85,90,Own a Book,A,1
Private,71,98,Own a Book,A,1
Private,78,78,Own a Book,A,1
Government,169,66,Not Own Book,F,0
Government,188,68,Own a Book,C,1
Private,68,91,Own a Book,C,1
Private,68,94,Own a Book,D,1
Government,63,68,Not Own Book,D,1
Government,132,63,Own a Book,A,1
Government,192,75,Not Own Book,F,0
Private,81,76,Not Own Book,D,1
Government,105,50,Own a Book,B,1
Government,64,92,Not Own Book,A,1
Government,143,61,Own a Book,D,0
Private,88,85,Own a Book,B,1
Government,128,75,Own a Book,F,0
Private,53,90,Own a Book,C,1
Private,66,94,Own a Book,D,0
Private,79,94,Own a Book,B,1
Government,205,55,Not Own Book,D,0
Government,138,82,Not Own Book,D,0
Government,197,75,Not Own Book,D,1
Private,89,90,Not Own Book,C,1
Government,97,74,Not Own Book,F,0
Government,206,50,Not Own Book,D,0
Government,163,67,Not Own Book,F,0
Government,95,60,Own a Book,C,1
Government,229,58,Not Own Book,F,0
Government,144,65,Not Own Book,A,1
Government,62,78,Not Own Book,C,0
Private,64,90,Own a Book,D,1
Private,60,91,Own a Book,B,1
Private,64,84,Own a Book,C,1
Government,129,73,Not Own Book,C,1
Private,71,86,Own a Book,A,1
Private,70,94,Own a Book,A,1
Private,73,92,Own a Book,B,1
Government,176,71,Own a Book,C,1
Private,63,82,Own a Book,A,1
Government,203,72,Not Own Book,F,0
Government,94,72,Own a Book,C,1
Government,177,71,Not Own Book,F,0
Private,99,84,Not Own Book,A,1
Private,72,83,Not Own Book,A,1
Government,158,73,Not Own Book,C,1
Private,60,81,Own a Book,B,1
Private,67,86,Own a Book,B,1
Government,220,75,Not Own Book,D,0
Private,86,91,Own a Book,B,1
Government,168,58,Not Own Book,F,0
Private,50,90,Own a Book,A,1
Private,64,99,Own a Book,A,1
Private,101,92,Own a Book,A,1
Government,168,67,Not Own Book,F,0
Government,174,83,Not Own Book,A,1
Private,77,99,Own a Book,B,1
Government,122,78,Own a Book,F,0
Government,164,52,Not Own Book,C,0
Private,52,92,Own a Book,C,1
Government,77,83,Own a Book,A,1
Government,116,50,Not Own Book,C,1
Government,158,79,Not Own Book,F,0
Government,79,67,Own a Book,C,1
Private,76,97,Own a Book,D,0
Private,60,87,Own a Book,A,1
Private,62,90,Not Own Book,A,1
Government,208,73,Own a Book,F,0
Private,75,92,Own a Book,B,1
Private,61,91,Own a Book,C,1
Government,158,61,Own a Book,C,1
Government,83,67,Own a Book,D,1
Private,80,87,Not Own Book,B,1
Private,91,96,Own a Book,D,1
Government,179,74,Not Own Book,F,0
Government,247,63,Own a Book,F,0
Private,50,81,Not Own Book,C,1
Government,155,76,Not Own Book,C,1
Government,89,65,Own a Book,A,1
Government,142,77,Not Own Book,F,0
Government,150,69,Own a Book,F,0
Government,252,84,Own a Book,F,0
Government,147,62,Not Own Book,C,1
Private,73,98,Own a Book,A,1
Government,195,79,Not Own Book,F,0
Government,147,65,Not Own Book,D,0
Private,102,81,Own a Book,C,1
Private,85,99,Not Own Book,D,0
Private,87,81,Not Own Book,B,1
Government,65,73,Own a Book,B,1
Private,104,90,Own a Book,A,1
Government,120,70,Not Own Book,D,0
Government,149,77,Not Own Book,C,1
Private,65,81,Own a Book,B,1
Private,59,99,Own a Book,A,1
Private,56,82,Own a Book,A,1
Private,76,86,Own a Book,D,0
Government,61,55,Own a Book,B,1
Private,71,95,Not Own Book,B,1
Private,90,99,Own a Book,A,1
Private,84,99,Own a Book,F,1
Government,169,81,Not Own Book,B,1
Government,109,66,Own a Book,B,1
Private,51,88,Own a Book,A,1
Private,90,85,Own a Book,A,1
Private,68,79,Own a Book,C,1
Government,146,67,Own a Book,B,1
Government,141,79,Own a Book,D,1
Private,85,81,Own a Book,D,0
Government,232,50,Not Own Book,D,0
Private,96,79,Own a Book,B,1
Government,60,78,Own a Book,F,0
Government,136,52,Not Own Book,F,0
Private,54,84,Own a Book,B,1
Private,89,85,Own a Book,C,1
Private,75,89,Own a Book,B,1
Private,84,89,Not Own Book,A,1
Government,132,74,Not Own Book,D,0
Private,59,86,Own a Book,A,1
Private,61,81,Own a Book,A,1
Private,52,94,Own a Book,D,0
Government,93,52,Own a Book,F,0
Government,83,77,Own a Book,C,1
Government,103,81,Not Own Book,C,1
Government,100,92,Not Own Book,A,1
Government,167,62,Own a Book,F,0
Private,80,84,Own a Book,D,1
Government,167,70,Not Own Book,F,0
Government,202,69,Not Own Book,B,1
Government,146,78,Not Own Book,F,0
Private,63,91,Own a Book,A,1
Private,108,85,Not Own Book,A,1
Private,88,87,Own a Book,A,1
Government,156,79,Not Own Book,D,0
Private,76,79,Own a Book,A,1
Government,163,67,Own a Book,F,0
Government,140,75,Not Own Book,C,1
Private,76,80,Own a Book,A,1
Private,82,65,Own a Book,F,0
Government,117,84,Not Own Book,A,1
Private,50,87,Own a Book,C,0
Private,50,79,Not Own Book,B,1
Private,88,94,Own a Book,C,1
Government,78,67,Not Own Book,B,1
Private,81,80,Own a Book,B,1
Government,98,73,Not Own Book,A,1
Government,98,70,Own a Book,B,1
Private,64,83,Own a Book,B,1
Government,158,62,Not Own Book,D,1
Private,55,80,Not Own Book,C,1
Government,122,77,Not Own Book,F,0
Government,148,57,Not Own Book,F,0
Private,56,82,Own a Book,B,1
Private,96,88,Not Own Book,F,0
Private,50,98,Not Own Book,A,1
Government,140,71,Not Own Book,C,0
Government,207,75,Not Own Book,D,1
Private,55,88,Own a Book,A,1
Government,145,79,Own a Book,F,0
Government,155,89,Not Own Book,C,1
Government,113,65,Not Own Book,F,0
Government,146,70,Not Own Book,F,0
Government,175,71,Not Own Book,F,0
Government,128,75,Not Own Book,C,1
Private,86,88,Own a Book,D,0
Private,80,84,Own a Book,A,1
Private,66,87,Own a Book,A,1
Government,200,92,Not Own Book,B,1
Government,116,73,Not Own Book,F,0
Private,87,74,Not Own Book,A,1
Government,117,66,Not Own Book,D,1
Private,70,88,Own a Book,C,1
Government,142,68,Own a Book,F,0
Government,165,69,Own a Book,F,0
Government,60,72,Not Own Book,C,1
Government,170,75,Not Own Book,C,1
Government,145,72,Not Own Book,C,0
Private,79,94,Not Own Book,C,1
Private,82,77,Own a Book,B,1
Government,167,67,Not Own Book,D,0
Government,60,74,Not Own Book,F,0
Government,102,72,Own a Book,D,1
Government,164,63,Not Own Book,F,0
Government,158,64,Not Own Book,D,1
Private,63,82,Own a Book,F,1
Government,183,79,Own a Book,F,0
Private,71,75,Own a Book,C,1
Government,189,57,Own a Book,D,0
Private,93,90,Own a Book,C,1
Government,162,75,Own a Book,F,0
Government,174,54,Not Own Book,D,0
Private,65,92,Own a Book,A,1
Government,190,71,Not Own Book,C,1
Private,78,91,Own a Book,F,0
Private,70,88,Not Own Book,C,1
Government,95,74,Not Own Book,D,0
Private,67,91,Not Own Book,C,1
Government,100,74,Not Own Book,D,0
Government,184,72,Not Own Book,D,0
Government,204,69,Not Own Book,D,1
Government,191,69,Own a Book,B,1
Government,261,72,Not Own Book,F,0
Government,129,78,Own a Book,A,1
Private,83,99,Not Own Book,B,1
Private,57,91,Not Own Book,C,1
Private,72,90,Not Own Book,C,1
Government,83,82,Own a Book,D,0
Government,175,73,Own a Book,C,0
Private,69,80,Own a Book,A,1
Private,50,82,Own a Book,A,1
Government,119,88,Own a Book,C,1
Private,101,83,Own a Book,D,1
Private,81,91,Not Own Book,A,1
Government,184,60,Not Own Book,F,0
Private,76,96,Own a Book,B,1
Government,141,65,Not Own Book,C,1
Private,75,88,Own a Book,F,0
Government,161,67,Not Own Book,F,0
Government,100,75,Not Own Book,D,1
Government,184,71,Own a Book,C,1
Private,91,94,Own a Book,C,1
Private,72,92,Not Own Book,C,1
Government,126,72,Own a Book,D,1
Government,116,76,Not Own Book,D,0
Government,229,77,Own a Book,C,0
Private,68,85,Own a Book,A,1
Government,179,65,Not Own Book,D,0
Private,72,98,Own a Book,A,1
Government,139,77,Own a Book,F,0
Private,63,90,Own a Book,A,1
Private,60,82,Not Own Book,B,0
Private,86,75,Own a Book,A,1
Government,105,67,Not Own Book,D,0
Private,81,84,Own a Book,C,1
Private,76,85,Not Own Book,A,1
Private,86,93,Not Own Book,B,1
Government,122,85,Own a Book,C,1
Private,91,95,Own a Book,C,1
Private,72,83,Own a Book,F,0
Government,266,75,Not Own Book,F,0
Private,50,84,Own a Book,A,1
Private,111,75,Own a Book,A,1
Government,144,69,Own a Book,F,0
Private,78,96,Own a Book,B,1
Private,65,85,Own a Book,A,1
Government,79,78,Not Own Book,B,1
Government,126,63,Not Own Book,A,1
Government,133,76,Not Own Book,F,0
Government,158,67,Not Own Book,D,1
Government,200,85,Not Own Book,C,1
Private,77,85,Own a Book,A,1
Private,78,84,Own a Book,A,1
Private,80,98,Own a Book,C,1
Government,71,64,Not Own Book,F,0
Private,50,89,Own a Book,B,1
Government,82,64,Own a Book,C,1
Government,133,79,Own a Book,C,1
Private,50,97,Own a Book,D,1
Government,118,63,Not Own Book,D,1
Government,88,75,Own a Book,D,0
Government,171,76,Not Own Book,B,1
Private,81,88,Own a Book,D,1
Private,70,98,Not Own Book,A,1
Government,64,85,Own a Book,F,0
Private,71,82,Own a Book,A,1
Government,164,82,Not Own Book,F,0
Private,87,91,Own a Book,C,1
Private,101,89,Own a Book,A,1
Private,91,86,Not Own Book,A,1
Government,157,55,Own a Book,F,0
Government,137,72,Not Own Book,C,1
Private,63,90,Not Own Book,A,1
Private,95,99,Own a Book,A,1
Private,77,83,Not Own Book,C,1
Government,178,53,Not Own Book,D,1
Government,123,58,Not Own Book,D,0
Government,94,85,Not Own Book,F,0
Government,131,65,Own a Book,F,1
Government,136,83,Own a Book,C,1
Private,77,88,Own a Book,B,1
Private,63,81,Own a Book,B,1
Government,151,90,Own a Book,C,1
Private,92,97,Not Own Book,B,1
Government,74,68,Not Own Book,F,0
Private,50,94,Not Own Book,D,0
Private,93,88,Own a Book,A,1
Government,84,74,Own a Book,B,1
Private,69,99,Own a Book,C,1
Government,177,54,Own a Book,C,1
Private,74,85,Own a Book,B,1
Government,146,70,Not Own Book,D,0
Private,76,90,Own a Book,B,1
Private,112,79,Own a Book,A,1
Private,101,94,Own a Book,A,1
Government,118,58,Own a Book,D,1
Private,90,79,Own a Book,C,0
Government,172,67,Own a Book,D,0
Private,74,99,Not Own Book,A,1
Private,61,99,Not Own Book,B,1
Private,81,91,Own a Book,B,1
Private,70,86,Own a Book,B,1
Private,69,89,Own a Book,A,1
Government,115,73,Not Own Book,D,1
Private,89,98,Not Own Book,B,1
Private,63,79,Not Own Book,B,1
Government,115,81,Own a Book,C,1
Private,86,78,Own a Book,A,1
Private,72,84,Own a Book,A,1
Government,144,69,Not Own Book,F,1
Government,196,74,Not Own Book,F,0
Government,209,69,Own a Book,F,0
Government,60,71,Not Own Book,F,0
Government,144,70,Not Own Book,D,0
Government,86,54,Own a Book,C,1
Government,132,75,Not Own Book,D,0
Government,149,78,Own a Book,F,0
Private,69,97,Own a Book,B,1
Government,103,88,Own a Book,C,1
Government,101,74,Not Own Book,D,1
Private,85,97,Not Own Book,A,1
Private,98,88,Own a Book,C,1
Government,60,55,Own a Book,D,1
Government,135,79,Own a Book,B,1
Government,182,77,Not Own Book,F,0
Government,148,70,Not Own Book,D,0
Government,99,69,Not Own Book,F,0
Private,67,91,Own a Book,C,1
Government,163,66,Not Own Book,C,1
Government,136,74,Not Own Book,A,1
Government,147,60,Not Own Book,F,0
Private,74,82,Own a Book,C,1
Government,126,56,Not Own Book,F,0
Government,186,92,Not Own Book,F,0
Government,128,70,Not Own Book,D,0
Government,104,82,Not Own Book,F,0
Government,250,59,Own a Book,D,0
Private,73,86,Own a Book,B,1
Government,60,75,Not Own Book,B,1
Private,93,98,Own a Book,A,1
Private,93,83,Not Own Book,C,1
Government,170,65,Not Own Book,F,0
Government,178,62,Not Own Book,F,0
Government,247,68,Not Own Book,F,0
Private,60,80,Own a Book,C,1
Private,76,77,Not Own Book,D,1
Private,104,89,Own a Book,B,1
Government,248,76,Not Own Book,F,0
Private,69,80,Own a Book,C,1
Government,240,63,Not Own Book,F,0
Government,186,69,Not Own Book,F,0
Private,97,99,Own a Book,D,1
Private,86,68,Own a Book,D,0
Private,79,91,Own a Book,C,1
Government,249,76,Not Own Book,D,1
Private,67,83,Own a Book,D,1
Private,103,85,Not Own Book,A,1
Government,242,73,Not Own Book,B,1
Private,95,87,Own a Book,A,1
Private,73,99,Own a Book,C,1
Private,78,88,Own a Book,A,1
Private,55,94,Own a Book,B,1
Government,129,74,Own a Book,D,1
Government,177,76,Own a Book,F,0
Private,53,82,Own a Book,B,1
Government,136,72,Own a Book,D,1
Government,237,69,Not Own Book,B,1
Government,143,62,Not Own Book,F,0
Government,196,79,Not Own Book,B,1
Government,175,50,Own a Book,C,1
Government,136,83,Own a Book,D,1
Private,72,72,Own a Book,B,1
Private,77,86,Not Own Book,D,0
Private,50,94,Own a Book,B,1
Government,192,58,Own a Book,D,0
Private,73,90,Own a Book,B,1
Government,194,73,Not Own Book,F,0
Government,167,73,Not Own Book,D,1
Private,72,85,Own a Book,B,1
Private,77,84,Own a Book,B,1
Government,159,54,Not Own Book,D,0
Government,216,68,Not Own Book,D,1
Government,152,79,Not Own Book,A,1
Government,162,65,Not Own Book,F,0
Private,56,85,Own a Book,C,1
Private,74,99,Own a Book,A,1
Government,215,68,Not Own Book,D,1
Private,81,90,Not Own Book,C,1
Private,58,91,Own a Book,D,0
Private,60,86,Own a Book,A,1
Private,63,92,Not Own Book,D,1
Government,194,79,Own a Book,C,1
Government,189,79,Not Own Book,F,0
Private,50,95,Own a Book,B,1
Private,73,73,Not Own Book,C,1
Government,156,58,Not Own Book,B,1
Private,60,84,Not Own Book,C,1
Private,69,82,Own a Book,A,1
Government,209,62,Not Own Book,F,0
Private,81,94,Own a Book,A,1
Private,67,88,Own a Book,A,1
Government,141,68,Own a Book,A,1
Government,139,67,Not Own Book,F,0
Private,79,85,Own a Book,A,1
Government,85,67,Not Own Book,D,0
Government,119,83,Not Own Book,C,1
Government,196,52,Not Own Book,F,0
Private,73,96,Own a Book,B,1
Private,62,99,Own a Book,C,1
Private,62,96,Own a Book,C,1
Government,182,60,Not Own Book,F,0
Private,67,84,Own a Book,D,1
Private,82,95,Own a Book,A,1
Private,65,86,Own a Book,B,1
Government,99,64,Own a Book,F,0
Government,161,68,Not Own Book,A,1
Government,145,58,Not Own Book,D,0
Private,85,87,Not Own Book,A,1
Government,189,57,Own a Book,D,1
Government,133,77,Not Own Book,F,0
Private,80,82,Own a Book,A,1
Government,132,70,Own a Book,F,0
Government,178,65,Not Own Book,C,1
Government,160,73,Not Own Book,D,0
Private,65,93,Own a Book,C,1
Private,64,90,Own a Book,B,1
Government,162,62,Own a Book,B,1
Private,92,84,Own a Book,A,1
Government,190,92,Not Own Book,F,0
Government,107,79,Not Own Book,A,1
Private,62,86,Own a Book,C,1
Private,64,83,Own a Book,A,1
Government,123,55,Not Own Book,F,0
Private,50,95,Own a Book,C,1
Private,86,83,Not Own Book,C,1
Private,68,95,Own a Book,C,1
Government,170,78,Not Own Book,B,1
Government,135,83,Not Own Book,B,1
Government,148,77,Not Own Book,C,1
Government,119,67,Own a Book,C,1
Private,74,88,Own a Book,D,1
Private,61,88,Own a Book,A,1
Government,149,67,Not Own Book,B,1
Private,96,76,Own a Book,D,0
Government,173,50,Own a Book,D,0
Private,79,93,Own a Book,A,1
Government,90,68,Own a Book,D,0
Government,175,79,Not Own Book,D,1
Private,84,85,Not Own Book,C,1
Government,162,69,Own a Book,F,0
Private,78,94,Not Own Book,F,0
Private,72,98,Own a Book,C,1
Private,84,85,Own a Book,C,1
Government,212,59,Own a Book,B,1
Government,164,82,Not Own Book,B,1
Private,60,85,Own a Book,D,1
Government,109,65,Own a Book,F,0
Private,85,85,Own a Book,A,1
Government,106,62,Own a Book,C,1
Private,78,93,Own a Book,B,1
Government,134,56,Own a Book,D,0
Government,101,71,Own a Book,D,1
Private,87,89,Not Own Book,A,1
Government,181,64,Not Own Book,F,0
Private,54,99,Own a Book,F,0
Private,82,94,Own a Book,C,1
Government,165,65,Own a Book,D,1
Private,87,87,Own a Book,B,1
Government,157,78,Not Own Book,F,0
Private,96,88,Own a Book,A,1
Government,144,84,Not Own Book,F,0
Government,137,75,Not Own Book,F,0
Private,60,89,Own a Book,D,1
Private,60,89,Not Own Book,D,0
Private,59,99,Own a Book,F,0
Private,78,80,Own a Book,B,1
Private,70,80,Own a Book,A,1
Government,164,67,Own a Book,F,0
Private,56,97,Own a Book,C,1
Private,62,70,Own a Book,A,1
Private,61,74,Not Own Book,B,1
Government,247,66,Not Own Book,F,0
Government,142,91,Not Own Book,C,1
Government,147,70,Not Own Book,D,1
Private,73,79,Own a Book,C,1
Private,98,93,Own a Book,A,1
Government,77,86,Own a Book,B,1
Government,147,63,Own a Book,F,0
Private,50,91,Own a Book,B,1
Government,60,71,Own a Book,B,1
Private,63,92,Own a Book,A,1
Government,168,65,Own a Book,F,0
Government,114,76,Own a Book,A,1
Private,80,93,Own a Book,C,1
Private,76,93,Own a Book,B,1
Private,72,76,Own a Book,A,1
Private,93,77,Own a Book,F,0
Private,66,83,Own a Book,A,1
Government,167,72,Own a Book,D,1
Government,68,75,Own a Book,D,1
Government,154,59,Not Own Book,F,0
Private,71,90,Own a Book,B,1
Private,57,94,Own a Book,D,0
Government,167,76,Own a Book,C,1
Government,116,65,Own a Book,C,1
Government,227,66,Own a Book,B,1
Private,50,78,Not Own Book,F,0
Government,161,87,Not Own Book,D,1
Private,75,91,Own a Book,B,1
Private,70,76,Own a Book,C,1
Government,126,82,Own a Book,B,1
Government,153,76,Own a Book,F,0
Private,90,96,Own a Book,A,1
Government,74,64,Own a Book,A,1
Private,62,85,Own a Book,A,1
Private,59,82,Own a Book,C,1
Private,58,99,Own a Book,B,1
Private,80,84,Not Own Book,B,1
Government,176,60,Not Own Book,F,0
Private,90,83,Not Own Book,D,1
Private,84,85,Own a Book,A,1
Government,180,85,Own a Book,A,1
Government,86,72,Not Own Book,C,1
Government,216,82,Not Own Book,A,1
Government,140,72,Not Own Book,D,0
Private,90,86,Not Own Book,C,1
Government,88,59,Own a Book,D,0
Government,139,85,Own a Book,A,1
Government,192,79,Own a Book,D,0
Private,75,95,Own a Book,F,0
Government,116,79,Not Own Book,F,0
Private,94,83,Own a Book,F,0
Government,97,72,Not Own Book,C,0
Government,149,80,Not Own Book,F,0
Government,178,79,Not Own Book,C,1
Private,106,89,Not Own Book,D,0
Private,68,99,Own a Book,A,1
Government,137,75,Not Own Book,B,1
Government,129,83,Own a Book,D,1
Government,160,72,Own a Book,F,0
Government,176,66,Not Own Book,F,0
Government,199,79,Not Own Book,A,1
Government,184,77,Not Own Book,F,0
Government,127,73,Not Own Book,B,1
Government,186,61,Not Own Book,D,0
Government,154,80,Own a Book,F,0
Private,86,82,Not Own Book,B,1
Private,87,93,Own a Book,A,1
Government,223,59,Own a Book,C,0
Private,69,82,Own a Book,A,1
Government,125,72,Own a Book,D,1
Private,81,92,Own a Book,A,1
Government,203,72,Own a Book,B,1
Government,152,64,Own a Book,C,1
Government,206,81,Not Own Book,C,1
Government,181,71,Not Own Book,F,0
Government,140,71,Not Own Book,D,1
Private,83,86,Own a Book,A,1
Government,130,62,Not Own Book,F,0
Government,160,81,Own a Book,B,1
Government,101,63,Not Own Book,F,1
Government,146,86,Own a Book,F,0
Government,194,61,Not Own Book,D,0
Government,184,73,Own a Book,C,1
Government,177,70,Not Own Book,F,1
Government,162,68,Not Own Book,D,0
Government,157,76,Not Own Book,C,1
Government,92,77,Own a Book,A,1
Government,140,75,Own a Book,C,1
Private,77,80,Not Own Book,A,1
Private,58,79,Own a Book,C,1
Private,50,79,Not Own Book,C,1
Government,200,67,Own a Book,B,1
Private,75,99,Not Own Book,C,1
Government,159,69,Not Own Book,D,1
Private,83,99,Own a Book,C,1
Private,60,87,Own a Book,A,1
Private,68,89,Own a Book,F,0
Government,217,75,Not Own Book,F,0
Private,67,85,Not Own Book,A,1
Private,71,89,Own a Book,B,1
Government,119,52,Own a Book,F,0
Government,116,61,Not Own Book,C,1
Government,199,53,Not Own Book,F,0
Government,60,77,Not Own Book,F,0
Government,129,56,Not Own Book,F,0
Government,160,84,Not Own Book,A,1
Government,226,73,Own a Book,B,1
Private,57,94,Own a Book,F,0
Private,55,83,Own a Book,D,1
Private,62,80,Not Own Book,D,1
Private,85,85,Own a Book,C,1
Government,155,80,Own a Book,D,0
Private,53,99,Own a Book,B,1
Private,76,91,Own a Book,B,1
Government,219,56,Not Own Book,F,0
Government,161,60,Not Own Book,F,0
Private,77,77,Own a Book,A,1
Private,78,87,Own a Book,F,0
Private,81,86,Not Own Book,B,1
Government,92,68,Own a Book,B,1
